Product_ID,Return_Status
PROD00000000,1.0
PROD00000001,1.0
PROD00000005,1.0
PROD00000006,1.0
PROD00000007,1.0
PROD00000008,1.0
PROD00000009,1.0
PROD00000015,1.0
PROD00000017,1.0
PROD00000018,1.0
PROD00000019,1.0
PROD00000021,1.0
PROD00000022,1.0
PROD00000023,1.0
PROD00000028,1.0
PROD00000033,1.0
PROD00000036,1.0
PROD00000037,1.0
PROD00000039,1.0
PROD00000041,1.0
PROD00000043,1.0
PROD00000045,1.0
PROD00000046,1.0
PROD00000047,1.0
PROD00000048,1.0
PROD00000050,1.0
PROD00000053,1.0
PROD00000055,1.0
PROD00000057,1.0
PROD00000060,1.0
PROD00000064,1.0
PROD00000065,1.0
PROD00000067,1.0
PROD00000068,1.0
PROD00000070,1.0
PROD00000075,1.0
PROD00000077,1.0
PROD00000078,1.0
PROD00000081,1.0
PROD00000082,1.0
PROD00000083,1.0
PROD00000088,1.0
PROD00000091,1.0
PROD00000092,1.0
PROD00000093,1.0
PROD00000096,1.0
PROD00000097,1.0
PROD00000099,1.0
PROD00000101,1.0
PROD00000104,1.0
PROD00000106,1.0
PROD00000111,1.0
PROD00000112,1.0
PROD00000115,1.0
PROD00000116,1.0
PROD00000117,1.0
PROD00000118,1.0
PROD00000120,1.0
PROD00000123,1.0
PROD00000131,1.0
PROD00000132,1.0
PROD00000134,1.0
PROD00000135,1.0
PROD00000136,1.0
PROD00000137,1.0
PROD00000139,1.0
PROD00000140,1.0
PROD00000141,1.0
PROD00000144,1.0
PROD00000150,1.0
PROD00000153,1.0
PROD00000155,1.0
PROD00000159,1.0
PROD00000160,1.0
PROD00000162,1.0
PROD00000163,1.0
PROD00000164,1.0
PROD00000165,1.0
PROD00000167,1.0
PROD00000169,1.0
PROD00000170,1.0
PROD00000171,1.0
PROD00000172,1.0
PROD00000173,1.0
PROD00000175,1.0
PROD00000179,1.0
PROD00000181,1.0
PROD00000182,1.0
PROD00000183,1.0
PROD00000184,1.0
PROD00000186,1.0
PROD00000187,1.0
PROD00000188,1.0
PROD00000191,1.0
PROD00000194,1.0
PROD00000196,1.0
PROD00000204,1.0
PROD00000209,1.0
PROD00000211,1.0
PROD00000212,1.0
PROD00000213,1.0
PROD00000214,1.0
PROD00000219,1.0
PROD00000220,1.0
PROD00000221,1.0
PROD00000223,1.0
PROD00000224,1.0
PROD00000227,1.0
PROD00000229,1.0
PROD00000230,1.0
PROD00000232,1.0
PROD00000236,1.0
PROD00000237,1.0
PROD00000238,1.0
PROD00000241,1.0
PROD00000242,1.0
PROD00000243,1.0
PROD00000244,1.0
PROD00000247,1.0
PROD00000248,1.0
PROD00000249,1.0
PROD00000250,1.0
PROD00000252,1.0
PROD00000253,1.0
PROD00000254,1.0
PROD00000255,1.0
PROD00000260,1.0
PROD00000261,1.0
PROD00000262,1.0
PROD00000263,1.0
PROD00000266,1.0
PROD00000267,1.0
PROD00000269,1.0
PROD00000270,1.0
PROD00000271,1.0
PROD00000272,1.0
PROD00000274,1.0
PROD00000277,1.0
PROD00000278,1.0
PROD00000279,1.0
PROD00000281,1.0
PROD00000282,1.0
PROD00000283,1.0
PROD00000284,1.0
PROD00000285,1.0
PROD00000288,1.0
PROD00000289,1.0
PROD00000291,1.0
PROD00000293,1.0
PROD00000294,1.0
PROD00000295,1.0
PROD00000298,1.0
PROD00000301,1.0
PROD00000302,1.0
PROD00000304,1.0
PROD00000307,1.0
PROD00000310,1.0
PROD00000313,1.0
PROD00000314,1.0
PROD00000315,1.0
PROD00000318,1.0
PROD00000319,1.0
PROD00000320,1.0
PROD00000335,1.0
PROD00000336,1.0
PROD00000341,1.0
PROD00000342,1.0
PROD00000343,1.0
PROD00000346,1.0
PROD00000349,1.0
PROD00000350,1.0
PROD00000353,1.0
PROD00000356,1.0
PROD00000358,1.0
PROD00000360,1.0
PROD00000361,1.0
PROD00000363,1.0
PROD00000364,1.0
PROD00000365,1.0
PROD00000367,1.0
PROD00000369,1.0
PROD00000372,1.0
PROD00000373,1.0
PROD00000375,1.0
PROD00000376,1.0
PROD00000377,1.0
PROD00000379,1.0
PROD00000384,1.0
PROD00000385,1.0
PROD00000386,1.0
PROD00000387,1.0
PROD00000391,1.0
PROD00000392,1.0
PROD00000393,1.0
PROD00000394,1.0
PROD00000401,1.0
PROD00000402,1.0
PROD00000405,1.0
PROD00000407,1.0
PROD00000408,1.0
PROD00000413,1.0
PROD00000414,1.0
PROD00000415,1.0
PROD00000417,1.0
PROD00000418,1.0
PROD00000420,1.0
PROD00000421,1.0
PROD00000425,1.0
PROD00000428,1.0
PROD00000429,1.0
PROD00000430,1.0
PROD00000431,1.0
PROD00000432,1.0
PROD00000433,1.0
PROD00000434,1.0
PROD00000439,1.0
PROD00000440,1.0
PROD00000443,1.0
PROD00000445,1.0
PROD00000452,1.0
PROD00000453,1.0
PROD00000456,1.0
PROD00000458,1.0
PROD00000459,1.0
PROD00000463,1.0
PROD00000464,1.0
PROD00000465,1.0
PROD00000467,1.0
PROD00000468,1.0
PROD00000472,1.0
PROD00000474,1.0
PROD00000475,1.0
PROD00000476,1.0
PROD00000478,1.0
PROD00000480,1.0
PROD00000481,1.0
PROD00000482,1.0
PROD00000483,1.0
PROD00000484,1.0
PROD00000485,1.0
PROD00000486,1.0
PROD00000488,1.0
PROD00000490,1.0
PROD00000492,1.0
PROD00000493,1.0
PROD00000494,1.0
PROD00000496,1.0
PROD00000497,1.0
PROD00000498,1.0
PROD00000503,1.0
PROD00000504,1.0
PROD00000508,1.0
PROD00000510,1.0
PROD00000513,1.0
PROD00000514,1.0
PROD00000518,1.0
PROD00000519,1.0
PROD00000529,1.0
PROD00000530,1.0
PROD00000532,1.0
PROD00000533,1.0
PROD00000536,1.0
PROD00000537,1.0
PROD00000538,1.0
PROD00000540,1.0
PROD00000541,1.0
PROD00000543,1.0
PROD00000547,1.0
PROD00000549,1.0
PROD00000550,1.0
PROD00000554,1.0
PROD00000555,1.0
PROD00000557,1.0
PROD00000560,1.0
PROD00000562,1.0
PROD00000564,1.0
PROD00000565,1.0
PROD00000566,1.0
PROD00000567,1.0
PROD00000568,1.0
PROD00000570,1.0
PROD00000572,1.0
PROD00000575,1.0
PROD00000577,1.0
PROD00000579,1.0
PROD00000580,1.0
PROD00000581,1.0
PROD00000583,1.0
PROD00000584,1.0
PROD00000585,1.0
PROD00000588,1.0
PROD00000589,1.0
PROD00000592,1.0
PROD00000594,1.0
PROD00000595,1.0
PROD00000596,1.0
PROD00000599,1.0
PROD00000600,1.0
PROD00000601,1.0
PROD00000602,1.0
PROD00000605,1.0
PROD00000607,1.0
PROD00000608,1.0
PROD00000612,1.0
PROD00000615,1.0
PROD00000618,1.0
PROD00000620,1.0
PROD00000621,1.0
PROD00000625,1.0
PROD00000626,1.0
PROD00000627,1.0
PROD00000629,1.0
PROD00000630,1.0
PROD00000631,1.0
PROD00000632,1.0
PROD00000634,1.0
PROD00000635,1.0
PROD00000638,1.0
PROD00000639,1.0
PROD00000642,1.0
PROD00000649,1.0
PROD00000651,1.0
PROD00000652,1.0
PROD00000654,1.0
PROD00000659,1.0
PROD00000660,1.0
PROD00000661,1.0
PROD00000663,1.0
PROD00000664,1.0
PROD00000665,1.0
PROD00000668,1.0
PROD00000670,1.0
PROD00000671,1.0
PROD00000674,1.0
PROD00000675,1.0
PROD00000678,1.0
PROD00000680,1.0
PROD00000682,1.0
PROD00000683,1.0
PROD00000684,1.0
PROD00000686,1.0
PROD00000687,1.0
PROD00000688,1.0
PROD00000689,1.0
PROD00000690,1.0
PROD00000692,1.0
PROD00000694,1.0
PROD00000697,1.0
PROD00000703,1.0
PROD00000704,1.0
PROD00000706,1.0
PROD00000707,1.0
PROD00000710,1.0
PROD00000712,1.0
PROD00000714,1.0
PROD00000716,1.0
PROD00000719,1.0
PROD00000721,1.0
PROD00000722,1.0
PROD00000723,1.0
PROD00000725,1.0
PROD00000735,1.0
PROD00000736,1.0
PROD00000738,1.0
PROD00000739,1.0
PROD00000740,1.0
PROD00000741,1.0
PROD00000743,1.0
PROD00000745,1.0
PROD00000748,1.0
PROD00000749,1.0
PROD00000750,1.0
PROD00000752,1.0
PROD00000753,1.0
PROD00000754,1.0
PROD00000755,1.0
PROD00000757,1.0
PROD00000759,1.0
PROD00000760,1.0
PROD00000761,1.0
PROD00000762,1.0
PROD00000763,1.0
PROD00000765,1.0
PROD00000766,1.0
PROD00000767,1.0
PROD00000771,1.0
PROD00000775,1.0
PROD00000777,1.0
PROD00000779,1.0
PROD00000780,1.0
PROD00000781,1.0
PROD00000782,1.0
PROD00000784,1.0
PROD00000786,1.0
PROD00000787,1.0
PROD00000789,1.0
PROD00000790,1.0
PROD00000792,1.0
PROD00000794,1.0
PROD00000798,1.0
PROD00000799,1.0
PROD00000800,1.0
PROD00000801,1.0
PROD00000802,1.0
PROD00000805,1.0
PROD00000806,1.0
PROD00000808,1.0
PROD00000809,1.0
PROD00000812,1.0
PROD00000813,1.0
PROD00000817,1.0
PROD00000819,1.0
PROD00000821,1.0
PROD00000824,1.0
PROD00000825,1.0
PROD00000826,1.0
PROD00000827,1.0
PROD00000828,1.0
PROD00000829,1.0
PROD00000830,1.0
PROD00000833,1.0
PROD00000834,1.0
PROD00000835,1.0
PROD00000836,1.0
PROD00000837,1.0
PROD00000840,1.0
PROD00000842,1.0
PROD00000843,1.0
PROD00000844,1.0
PROD00000845,1.0
PROD00000846,1.0
PROD00000848,1.0
PROD00000853,1.0
PROD00000857,1.0
PROD00000859,1.0
PROD00000860,1.0
PROD00000862,1.0
PROD00000864,1.0
PROD00000867,1.0
PROD00000873,1.0
PROD00000875,1.0
PROD00000876,1.0
PROD00000877,1.0
PROD00000878,1.0
PROD00000880,1.0
PROD00000881,1.0
PROD00000884,1.0
PROD00000885,1.0
PROD00000888,1.0
PROD00000890,1.0
PROD00000891,1.0
PROD00000893,1.0
PROD00000894,1.0
PROD00000895,1.0
PROD00000897,1.0
PROD00000900,1.0
PROD00000902,1.0
PROD00000903,1.0
PROD00000904,1.0
PROD00000905,1.0
PROD00000906,1.0
PROD00000910,1.0
PROD00000911,1.0
PROD00000913,1.0
PROD00000915,1.0
PROD00000922,1.0
PROD00000923,1.0
PROD00000924,1.0
PROD00000927,1.0
PROD00000929,1.0
PROD00000931,1.0
PROD00000932,1.0
PROD00000935,1.0
PROD00000938,1.0
PROD00000945,1.0
PROD00000946,1.0
PROD00000948,1.0
PROD00000949,1.0
PROD00000952,1.0
PROD00000954,1.0
PROD00000958,1.0
PROD00000959,1.0
PROD00000963,1.0
PROD00000965,1.0
PROD00000966,1.0
PROD00000971,1.0
PROD00000972,1.0
PROD00000973,1.0
PROD00000976,1.0
PROD00000978,1.0
PROD00000979,1.0
PROD00000982,1.0
PROD00000984,1.0
PROD00000985,1.0
PROD00000987,1.0
PROD00000988,1.0
PROD00000990,1.0
PROD00000992,1.0
PROD00000998,1.0
PROD00000999,1.0
PROD00001006,1.0
PROD00001007,1.0
PROD00001009,1.0
PROD00001015,1.0
PROD00001018,1.0
PROD00001021,1.0
PROD00001022,1.0
PROD00001023,1.0
PROD00001025,1.0
PROD00001026,1.0
PROD00001029,1.0
PROD00001031,1.0
PROD00001032,1.0
PROD00001034,1.0
PROD00001036,1.0
PROD00001041,1.0
PROD00001042,1.0
PROD00001043,1.0
PROD00001045,1.0
PROD00001050,1.0
PROD00001051,1.0
PROD00001053,1.0
PROD00001054,1.0
PROD00001056,1.0
PROD00001058,1.0
PROD00001059,1.0
PROD00001063,1.0
PROD00001065,1.0
PROD00001066,1.0
PROD00001067,1.0
PROD00001070,1.0
PROD00001071,1.0
PROD00001072,1.0
PROD00001073,1.0
PROD00001074,1.0
PROD00001075,1.0
PROD00001077,1.0
PROD00001080,1.0
PROD00001086,1.0
PROD00001087,1.0
PROD00001092,1.0
PROD00001093,1.0
PROD00001096,1.0
PROD00001097,1.0
PROD00001098,1.0
PROD00001100,1.0
PROD00001101,1.0
PROD00001102,1.0
PROD00001103,1.0
PROD00001104,1.0
PROD00001105,1.0
PROD00001108,1.0
PROD00001111,1.0
PROD00001112,1.0
PROD00001113,1.0
PROD00001114,1.0
PROD00001116,1.0
PROD00001117,1.0
PROD00001118,1.0
PROD00001120,1.0
PROD00001123,1.0
PROD00001125,1.0
PROD00001127,1.0
PROD00001128,1.0
PROD00001130,1.0
PROD00001131,1.0
PROD00001133,1.0
PROD00001134,1.0
PROD00001135,1.0
PROD00001138,1.0
PROD00001139,1.0
PROD00001141,1.0
PROD00001143,1.0
PROD00001145,1.0
PROD00001146,1.0
PROD00001147,1.0
PROD00001148,1.0
PROD00001149,1.0
PROD00001154,1.0
PROD00001156,1.0
PROD00001159,1.0
PROD00001164,1.0
PROD00001166,1.0
PROD00001167,1.0
PROD00001168,1.0
PROD00001169,1.0
PROD00001173,1.0
PROD00001174,1.0
PROD00001176,1.0
PROD00001179,1.0
PROD00001180,1.0
PROD00001181,1.0
PROD00001182,1.0
PROD00001183,1.0
PROD00001185,1.0
PROD00001189,1.0
PROD00001190,1.0
PROD00001191,1.0
PROD00001195,1.0
PROD00001196,1.0
PROD00001199,1.0
PROD00001200,1.0
PROD00001207,1.0
PROD00001208,1.0
PROD00001210,1.0
PROD00001212,1.0
PROD00001215,1.0
PROD00001217,1.0
PROD00001219,1.0
PROD00001223,1.0
PROD00001226,1.0
PROD00001230,1.0
PROD00001231,1.0
PROD00001236,1.0
PROD00001238,1.0
PROD00001245,1.0
PROD00001248,1.0
PROD00001250,1.0
PROD00001251,1.0
PROD00001252,1.0
PROD00001253,1.0
PROD00001254,1.0
PROD00001255,1.0
PROD00001256,1.0
PROD00001259,1.0
PROD00001263,1.0
PROD00001265,1.0
PROD00001266,1.0
PROD00001269,1.0
PROD00001271,1.0
PROD00001274,1.0
PROD00001275,1.0
PROD00001281,1.0
PROD00001283,1.0
PROD00001286,1.0
PROD00001287,1.0
PROD00001289,1.0
PROD00001290,1.0
PROD00001291,1.0
PROD00001292,1.0
PROD00001294,1.0
PROD00001295,1.0
PROD00001297,1.0
PROD00001298,1.0
PROD00001303,1.0
PROD00001305,1.0
PROD00001306,1.0
PROD00001309,1.0
PROD00001310,1.0
PROD00001312,1.0
PROD00001313,1.0
PROD00001316,1.0
PROD00001320,1.0
PROD00001321,1.0
PROD00001323,1.0
PROD00001324,1.0
PROD00001325,1.0
PROD00001326,1.0
PROD00001328,1.0
PROD00001330,1.0
PROD00001331,1.0
PROD00001333,1.0
PROD00001334,1.0
PROD00001335,1.0
PROD00001336,1.0
PROD00001337,1.0
PROD00001341,1.0
PROD00001343,1.0
PROD00001345,1.0
PROD00001346,1.0
PROD00001347,1.0
PROD00001348,1.0
PROD00001352,1.0
PROD00001356,1.0
PROD00001357,1.0
PROD00001359,1.0
PROD00001360,1.0
PROD00001363,1.0
PROD00001365,1.0
PROD00001366,1.0
PROD00001368,1.0
PROD00001369,1.0
PROD00001370,1.0
PROD00001372,1.0
PROD00001376,1.0
PROD00001377,1.0
PROD00001378,1.0
PROD00001379,1.0
PROD00001381,1.0
PROD00001382,1.0
PROD00001383,1.0
PROD00001384,1.0
PROD00001385,1.0
PROD00001386,1.0
PROD00001387,1.0
PROD00001388,1.0
PROD00001389,1.0
PROD00001390,1.0
PROD00001391,1.0
PROD00001392,1.0
PROD00001397,1.0
PROD00001400,1.0
PROD00001402,1.0
PROD00001403,1.0
PROD00001404,1.0
PROD00001405,1.0
PROD00001408,1.0
PROD00001409,1.0
PROD00001412,1.0
PROD00001414,1.0
PROD00001416,1.0
PROD00001418,1.0
PROD00001420,1.0
PROD00001422,1.0
PROD00001423,1.0
PROD00001427,1.0
PROD00001431,1.0
PROD00001432,1.0
PROD00001433,1.0
PROD00001434,1.0
PROD00001435,1.0
PROD00001436,1.0
PROD00001437,1.0
PROD00001440,1.0
PROD00001441,1.0
PROD00001442,1.0
PROD00001444,1.0
PROD00001445,1.0
PROD00001446,1.0
PROD00001448,1.0
PROD00001451,1.0
PROD00001454,1.0
PROD00001456,1.0
PROD00001457,1.0
PROD00001459,1.0
PROD00001460,1.0
PROD00001461,1.0
PROD00001463,1.0
PROD00001467,1.0
PROD00001469,1.0
PROD00001471,1.0
PROD00001473,1.0
PROD00001474,1.0
PROD00001476,1.0
PROD00001479,1.0
PROD00001480,1.0
PROD00001482,1.0
PROD00001483,1.0
PROD00001487,1.0
PROD00001488,1.0
PROD00001491,1.0
PROD00001492,1.0
PROD00001497,1.0
PROD00001500,1.0
PROD00001503,1.0
PROD00001504,1.0
PROD00001505,1.0
PROD00001507,1.0
PROD00001509,1.0
PROD00001512,1.0
PROD00001513,1.0
PROD00001517,1.0
PROD00001519,1.0
PROD00001522,1.0
PROD00001524,1.0
PROD00001525,1.0
PROD00001526,1.0
PROD00001527,1.0
PROD00001528,1.0
PROD00001529,1.0
PROD00001535,1.0
PROD00001537,1.0
PROD00001539,1.0
PROD00001540,1.0
PROD00001542,1.0
PROD00001544,1.0
PROD00001545,1.0
PROD00001547,1.0
PROD00001550,1.0
PROD00001552,1.0
PROD00001556,1.0
PROD00001557,1.0
PROD00001558,1.0
PROD00001559,1.0
PROD00001561,1.0
PROD00001562,1.0
PROD00001563,1.0
PROD00001568,1.0
PROD00001569,1.0
PROD00001570,1.0
PROD00001571,1.0
PROD00001574,1.0
PROD00001576,1.0
PROD00001579,1.0
PROD00001580,1.0
PROD00001581,1.0
PROD00001583,1.0
PROD00001588,1.0
PROD00001592,1.0
PROD00001594,1.0
PROD00001595,1.0
PROD00001596,1.0
PROD00001598,1.0
PROD00001607,1.0
PROD00001608,1.0
PROD00001609,1.0
PROD00001610,1.0
PROD00001613,1.0
PROD00001614,1.0
PROD00001616,1.0
PROD00001617,1.0
PROD00001618,1.0
PROD00001619,1.0
PROD00001620,1.0
PROD00001621,1.0
PROD00001622,1.0
PROD00001624,1.0
PROD00001628,1.0
PROD00001631,1.0
PROD00001635,1.0
PROD00001636,1.0
PROD00001637,1.0
PROD00001639,1.0
PROD00001640,1.0
PROD00001642,1.0
PROD00001643,1.0
PROD00001644,1.0
PROD00001645,1.0
PROD00001647,1.0
PROD00001648,1.0
PROD00001650,1.0
PROD00001652,1.0
PROD00001656,1.0
PROD00001657,1.0
PROD00001659,1.0
PROD00001660,1.0
PROD00001662,1.0
PROD00001663,1.0
PROD00001664,1.0
PROD00001665,1.0
PROD00001667,1.0
PROD00001668,1.0
PROD00001669,1.0
PROD00001671,1.0
PROD00001672,1.0
PROD00001673,1.0
PROD00001675,1.0
PROD00001677,1.0
PROD00001685,1.0
PROD00001688,1.0
PROD00001690,1.0
PROD00001691,1.0
PROD00001692,1.0
PROD00001693,1.0
PROD00001695,1.0
PROD00001696,1.0
PROD00001697,1.0
PROD00001698,1.0
PROD00001699,1.0
PROD00001700,1.0
PROD00001702,1.0
PROD00001703,1.0
PROD00001704,1.0
PROD00001706,1.0
PROD00001707,1.0
PROD00001708,1.0
PROD00001709,1.0
PROD00001710,1.0
PROD00001711,1.0
PROD00001712,1.0
PROD00001713,1.0
PROD00001714,1.0
PROD00001715,1.0
PROD00001716,1.0
PROD00001717,1.0
PROD00001718,1.0
PROD00001719,1.0
PROD00001720,1.0
PROD00001721,1.0
PROD00001723,1.0
PROD00001724,1.0
PROD00001725,1.0
PROD00001726,1.0
PROD00001727,1.0
PROD00001728,1.0
PROD00001730,1.0
PROD00001732,1.0
PROD00001734,1.0
PROD00001739,1.0
PROD00001741,1.0
PROD00001743,1.0
PROD00001744,1.0
PROD00001745,1.0
PROD00001748,1.0
PROD00001750,1.0
PROD00001751,1.0
PROD00001755,1.0
PROD00001756,1.0
PROD00001758,1.0
PROD00001759,1.0
PROD00001762,1.0
PROD00001764,1.0
PROD00001766,1.0
PROD00001767,1.0
PROD00001770,1.0
PROD00001773,1.0
PROD00001775,1.0
PROD00001777,1.0
PROD00001778,1.0
PROD00001780,1.0
PROD00001783,1.0
PROD00001786,1.0
PROD00001792,1.0
PROD00001795,1.0
PROD00001796,1.0
PROD00001797,1.0
PROD00001798,1.0
PROD00001799,1.0
PROD00001800,1.0
PROD00001801,1.0
PROD00001802,1.0
PROD00001804,1.0
PROD00001806,1.0
PROD00001807,1.0
PROD00001811,1.0
PROD00001813,1.0
PROD00001814,1.0
PROD00001817,1.0
PROD00001818,1.0
PROD00001819,1.0
PROD00001821,1.0
PROD00001822,1.0
PROD00001823,1.0
PROD00001825,1.0
PROD00001827,1.0
PROD00001831,1.0
PROD00001832,1.0
PROD00001834,1.0
PROD00001836,1.0
PROD00001837,1.0
PROD00001838,1.0
PROD00001840,1.0
PROD00001841,1.0
PROD00001843,1.0
PROD00001844,1.0
PROD00001847,1.0
PROD00001849,1.0
PROD00001854,1.0
PROD00001855,1.0
PROD00001856,1.0
PROD00001857,1.0
PROD00001863,1.0
PROD00001864,1.0
PROD00001865,1.0
PROD00001866,1.0
PROD00001867,1.0
PROD00001868,1.0
PROD00001869,1.0
PROD00001873,1.0
PROD00001874,1.0
PROD00001877,1.0
PROD00001880,1.0
PROD00001883,1.0
PROD00001884,1.0
PROD00001886,1.0
PROD00001887,1.0
PROD00001888,1.0
PROD00001889,1.0
PROD00001890,1.0
PROD00001892,1.0
PROD00001894,1.0
PROD00001898,1.0
PROD00001899,1.0
PROD00001901,1.0
PROD00001902,1.0
PROD00001904,1.0
PROD00001908,1.0
PROD00001909,1.0
PROD00001910,1.0
PROD00001911,1.0
PROD00001913,1.0
PROD00001916,1.0
PROD00001918,1.0
PROD00001919,1.0
PROD00001921,1.0
PROD00001924,1.0
PROD00001926,1.0
PROD00001928,1.0
PROD00001929,1.0
PROD00001933,1.0
PROD00001934,1.0
PROD00001935,1.0
PROD00001938,1.0
PROD00001939,1.0
PROD00001940,1.0
PROD00001941,1.0
PROD00001944,1.0
PROD00001945,1.0
PROD00001946,1.0
PROD00001947,1.0
PROD00001948,1.0
PROD00001949,1.0
PROD00001952,1.0
PROD00001953,1.0
PROD00001956,1.0
PROD00001957,1.0
PROD00001959,1.0
PROD00001962,1.0
PROD00001967,1.0
PROD00001971,1.0
PROD00001973,1.0
PROD00001974,1.0
PROD00001975,1.0
PROD00001976,1.0
PROD00001977,1.0
PROD00001980,1.0
PROD00001984,1.0
PROD00001985,1.0
PROD00001988,1.0
PROD00001990,1.0
PROD00001993,1.0
PROD00001994,1.0
PROD00001995,1.0
PROD00001996,1.0
PROD00001999,1.0
PROD00002000,1.0
PROD00002002,1.0
PROD00002003,1.0
PROD00002004,1.0
PROD00002007,1.0
PROD00002008,1.0
PROD00002010,1.0
PROD00002011,1.0
PROD00002015,1.0
PROD00002016,1.0
PROD00002017,1.0
PROD00002018,1.0
PROD00002019,1.0
PROD00002020,1.0
PROD00002022,1.0
PROD00002027,1.0
PROD00002030,1.0
PROD00002033,1.0
PROD00002035,1.0
PROD00002036,1.0
PROD00002037,1.0
PROD00002038,1.0
PROD00002039,1.0
PROD00002042,1.0
PROD00002044,1.0
PROD00002048,1.0
PROD00002051,1.0
PROD00002057,1.0
PROD00002059,1.0
PROD00002064,1.0
PROD00002067,1.0
PROD00002068,1.0
PROD00002069,1.0
PROD00002070,1.0
PROD00002071,1.0
PROD00002072,1.0
PROD00002077,1.0
PROD00002078,1.0
PROD00002081,1.0
PROD00002082,1.0
PROD00002083,1.0
PROD00002084,1.0
PROD00002087,1.0
PROD00002089,1.0
PROD00002090,1.0
PROD00002091,1.0
PROD00002095,1.0
PROD00002096,1.0
PROD00002097,1.0
PROD00002098,1.0
PROD00002103,1.0
PROD00002104,1.0
PROD00002105,1.0
PROD00002111,1.0
PROD00002113,1.0
PROD00002115,1.0
PROD00002118,1.0
PROD00002119,1.0
PROD00002121,1.0
PROD00002122,1.0
PROD00002124,1.0
PROD00002125,1.0
PROD00002127,1.0
PROD00002129,1.0
PROD00002134,1.0
PROD00002135,1.0
PROD00002136,1.0
PROD00002137,1.0
PROD00002138,1.0
PROD00002139,1.0
PROD00002144,1.0
PROD00002145,1.0
PROD00002146,1.0
PROD00002147,1.0
PROD00002148,1.0
PROD00002150,1.0
PROD00002151,1.0
PROD00002152,1.0
PROD00002155,1.0
PROD00002156,1.0
PROD00002157,1.0
PROD00002159,1.0
PROD00002161,1.0
PROD00002162,1.0
PROD00002168,1.0
PROD00002169,1.0
PROD00002171,1.0
PROD00002175,1.0
PROD00002177,1.0
PROD00002179,1.0
PROD00002181,1.0
PROD00002183,1.0
PROD00002187,1.0
PROD00002190,1.0
PROD00002191,1.0
PROD00002193,1.0
PROD00002196,1.0
PROD00002197,1.0
PROD00002198,1.0
PROD00002200,1.0
PROD00002201,1.0
PROD00002203,1.0
PROD00002205,1.0
PROD00002212,1.0
PROD00002213,1.0
PROD00002215,1.0
PROD00002216,1.0
PROD00002217,1.0
PROD00002219,1.0
PROD00002220,1.0
PROD00002221,1.0
PROD00002222,1.0
PROD00002223,1.0
PROD00002231,1.0
PROD00002232,1.0
PROD00002234,1.0
PROD00002239,1.0
PROD00002240,1.0
PROD00002242,1.0
PROD00002243,1.0
PROD00002244,1.0
PROD00002248,1.0
PROD00002250,1.0
PROD00002253,1.0
PROD00002258,1.0
PROD00002266,1.0
PROD00002267,1.0
PROD00002270,1.0
PROD00002271,1.0
PROD00002273,1.0
PROD00002274,1.0
PROD00002275,1.0
PROD00002279,1.0
PROD00002282,1.0
PROD00002285,1.0
PROD00002286,1.0
PROD00002287,1.0
PROD00002288,1.0
PROD00002289,1.0
PROD00002290,1.0
PROD00002291,1.0
PROD00002297,1.0
PROD00002299,1.0
PROD00002300,1.0
PROD00002301,1.0
PROD00002304,1.0
PROD00002309,1.0
PROD00002310,1.0
PROD00002313,1.0
PROD00002314,1.0
PROD00002318,1.0
PROD00002320,1.0
PROD00002321,1.0
PROD00002324,1.0
PROD00002326,1.0
PROD00002327,1.0
PROD00002331,1.0
PROD00002334,1.0
PROD00002336,1.0
PROD00002339,1.0
PROD00002341,1.0
PROD00002342,1.0
PROD00002344,1.0
PROD00002346,1.0
PROD00002347,1.0
PROD00002348,1.0
PROD00002349,1.0
PROD00002350,1.0
PROD00002353,1.0
PROD00002355,1.0
PROD00002358,1.0
PROD00002362,1.0
PROD00002365,1.0
PROD00002368,1.0
PROD00002370,1.0
PROD00002371,1.0
PROD00002372,1.0
PROD00002375,1.0
PROD00002377,1.0
PROD00002378,1.0
PROD00002382,1.0
PROD00002384,1.0
PROD00002386,1.0
PROD00002389,1.0
PROD00002390,1.0
PROD00002392,1.0
PROD00002393,1.0
PROD00002394,1.0
PROD00002396,1.0
PROD00002397,1.0
PROD00002407,1.0
PROD00002411,1.0
PROD00002415,1.0
PROD00002416,1.0
PROD00002422,1.0
PROD00002425,1.0
PROD00002426,1.0
PROD00002428,1.0
PROD00002429,1.0
PROD00002430,1.0
PROD00002432,1.0
PROD00002434,1.0
PROD00002437,1.0
PROD00002438,1.0
PROD00002439,1.0
PROD00002440,1.0
PROD00002444,1.0
PROD00002445,1.0
PROD00002449,1.0
PROD00002451,1.0
PROD00002454,1.0
PROD00002456,1.0
PROD00002459,1.0
PROD00002460,1.0
PROD00002461,1.0
PROD00002462,1.0
PROD00002463,1.0
PROD00002464,1.0
PROD00002466,1.0
PROD00002467,1.0
PROD00002469,1.0
PROD00002470,1.0
PROD00002472,1.0
PROD00002473,1.0
PROD00002474,1.0
PROD00002475,1.0
PROD00002477,1.0
PROD00002479,1.0
PROD00002480,1.0
PROD00002481,1.0
PROD00002484,1.0
PROD00002486,1.0
PROD00002488,1.0
PROD00002489,1.0
PROD00002490,1.0
PROD00002491,1.0
PROD00002493,1.0
PROD00002494,1.0
PROD00002495,1.0
PROD00002497,1.0
PROD00002500,1.0
PROD00002504,1.0
PROD00002506,1.0
PROD00002509,1.0
PROD00002510,1.0
PROD00002511,1.0
PROD00002513,1.0
PROD00002515,1.0
PROD00002517,1.0
PROD00002518,1.0
PROD00002519,1.0
PROD00002524,1.0
PROD00002526,1.0
PROD00002528,1.0
PROD00002530,1.0
PROD00002531,1.0
PROD00002534,1.0
PROD00002535,1.0
PROD00002537,1.0
PROD00002538,1.0
PROD00002543,1.0
PROD00002545,1.0
PROD00002546,1.0
PROD00002547,1.0
PROD00002548,1.0
PROD00002549,1.0
PROD00002550,1.0
PROD00002551,1.0
PROD00002553,1.0
PROD00002554,1.0
PROD00002555,1.0
PROD00002557,1.0
PROD00002558,1.0
PROD00002562,1.0
PROD00002563,1.0
PROD00002566,1.0
PROD00002567,1.0
PROD00002569,1.0
PROD00002570,1.0
PROD00002571,1.0
PROD00002577,1.0
PROD00002579,1.0
PROD00002581,1.0
PROD00002583,1.0
PROD00002587,1.0
PROD00002588,1.0
PROD00002589,1.0
PROD00002596,1.0
PROD00002597,1.0
PROD00002598,1.0
PROD00002599,1.0
PROD00002600,1.0
PROD00002605,1.0
PROD00002606,1.0
PROD00002607,1.0
PROD00002608,1.0
PROD00002613,1.0
PROD00002615,1.0
PROD00002619,1.0
PROD00002620,1.0
PROD00002623,1.0
PROD00002624,1.0
PROD00002630,1.0
PROD00002632,1.0
PROD00002633,1.0
PROD00002636,1.0
PROD00002637,1.0
PROD00002639,1.0
PROD00002640,1.0
PROD00002648,1.0
PROD00002651,1.0
PROD00002653,1.0
PROD00002654,1.0
PROD00002658,1.0
PROD00002662,1.0
PROD00002663,1.0
PROD00002664,1.0
PROD00002665,1.0
PROD00002667,1.0
PROD00002668,1.0
PROD00002671,1.0
PROD00002673,1.0
PROD00002675,1.0
PROD00002680,1.0
PROD00002681,1.0
PROD00002682,1.0
PROD00002685,1.0
PROD00002688,1.0
PROD00002691,1.0
PROD00002693,1.0
PROD00002694,1.0
PROD00002695,1.0
PROD00002698,1.0
PROD00002699,1.0
PROD00002702,1.0
PROD00002704,1.0
PROD00002707,1.0
PROD00002708,1.0
PROD00002709,1.0
PROD00002710,1.0
PROD00002712,1.0
PROD00002715,1.0
PROD00002716,1.0
PROD00002719,1.0
PROD00002720,1.0
PROD00002721,1.0
PROD00002724,1.0
PROD00002725,1.0
PROD00002727,1.0
PROD00002731,1.0
PROD00002733,1.0
PROD00002734,1.0
PROD00002735,1.0
PROD00002736,1.0
PROD00002737,1.0
PROD00002738,1.0
PROD00002740,1.0
PROD00002743,1.0
PROD00002744,1.0
PROD00002746,1.0
PROD00002748,1.0
PROD00002751,1.0
PROD00002754,1.0
PROD00002757,1.0
PROD00002758,1.0
PROD00002761,1.0
PROD00002764,1.0
PROD00002766,1.0
PROD00002777,1.0
PROD00002778,1.0
PROD00002779,1.0
PROD00002780,1.0
PROD00002781,1.0
PROD00002784,1.0
PROD00002785,1.0
PROD00002786,1.0
PROD00002787,1.0
PROD00002794,1.0
PROD00002796,1.0
PROD00002798,1.0
PROD00002800,1.0
PROD00002801,1.0
PROD00002802,1.0
PROD00002804,1.0
PROD00002805,1.0
PROD00002806,1.0
PROD00002808,1.0
PROD00002810,1.0
PROD00002811,1.0
PROD00002812,1.0
PROD00002818,1.0
PROD00002822,1.0
PROD00002823,1.0
PROD00002824,1.0
PROD00002825,1.0
PROD00002828,1.0
PROD00002829,1.0
PROD00002832,1.0
PROD00002833,1.0
PROD00002835,1.0
PROD00002837,1.0
PROD00002838,1.0
PROD00002840,1.0
PROD00002841,1.0
PROD00002843,1.0
PROD00002846,1.0
PROD00002848,1.0
PROD00002849,1.0
PROD00002850,1.0
PROD00002851,1.0
PROD00002852,1.0
PROD00002853,1.0
PROD00002854,1.0
PROD00002855,1.0
PROD00002857,1.0
PROD00002859,1.0
PROD00002860,1.0
PROD00002861,1.0
PROD00002866,1.0
PROD00002868,1.0
PROD00002870,1.0
PROD00002871,1.0
PROD00002872,1.0
PROD00002873,1.0
PROD00002874,1.0
PROD00002876,1.0
PROD00002878,1.0
PROD00002879,1.0
PROD00002881,1.0
PROD00002882,1.0
PROD00002883,1.0
PROD00002885,1.0
PROD00002886,1.0
PROD00002890,1.0
PROD00002894,1.0
PROD00002895,1.0
PROD00002898,1.0
PROD00002899,1.0
PROD00002900,1.0
PROD00002903,1.0
PROD00002905,1.0
PROD00002907,1.0
PROD00002909,1.0
PROD00002916,1.0
PROD00002917,1.0
PROD00002919,1.0
PROD00002920,1.0
PROD00002923,1.0
PROD00002924,1.0
PROD00002930,1.0
PROD00002931,1.0
PROD00002932,1.0
PROD00002933,1.0
PROD00002936,1.0
PROD00002940,1.0
PROD00002941,1.0
PROD00002945,1.0
PROD00002948,1.0
PROD00002952,1.0
PROD00002953,1.0
PROD00002957,1.0
PROD00002959,1.0
PROD00002960,1.0
PROD00002962,1.0
PROD00002963,1.0
PROD00002965,1.0
PROD00002968,1.0
PROD00002969,1.0
PROD00002970,1.0
PROD00002972,1.0
PROD00002976,1.0
PROD00002977,1.0
PROD00002978,1.0
PROD00002980,1.0
PROD00002981,1.0
PROD00002983,1.0
PROD00002985,1.0
PROD00002987,1.0
PROD00002993,1.0
PROD00002994,1.0
PROD00002995,1.0
PROD00002996,1.0
PROD00002997,1.0
PROD00002998,1.0
PROD00002999,1.0
PROD00003002,1.0
PROD00003005,1.0
PROD00003007,1.0
PROD00003009,1.0
PROD00003011,1.0
PROD00003012,1.0
PROD00003013,1.0
PROD00003016,1.0
PROD00003017,1.0
PROD00003019,1.0
PROD00003020,1.0
PROD00003023,1.0
PROD00003026,1.0
PROD00003027,1.0
PROD00003028,1.0
PROD00003030,1.0
PROD00003034,1.0
PROD00003035,1.0
PROD00003038,1.0
PROD00003039,1.0
PROD00003041,1.0
PROD00003042,1.0
PROD00003048,1.0
PROD00003049,1.0
PROD00003050,1.0
PROD00003051,1.0
PROD00003055,1.0
PROD00003056,1.0
PROD00003057,1.0
PROD00003058,1.0
PROD00003059,1.0
PROD00003064,1.0
PROD00003067,1.0
PROD00003069,1.0
PROD00003073,1.0
PROD00003075,1.0
PROD00003078,1.0
PROD00003080,1.0
PROD00003081,1.0
PROD00003082,1.0
PROD00003087,1.0
PROD00003090,1.0
PROD00003091,1.0
PROD00003092,1.0
PROD00003093,1.0
PROD00003094,1.0
PROD00003096,1.0
PROD00003097,1.0
PROD00003099,1.0
PROD00003102,1.0
PROD00003106,1.0
PROD00003107,1.0
PROD00003109,1.0
PROD00003110,1.0
PROD00003113,1.0
PROD00003115,1.0
PROD00003116,1.0
PROD00003117,1.0
PROD00003120,1.0
PROD00003121,1.0
PROD00003123,1.0
PROD00003125,1.0
PROD00003126,1.0
PROD00003128,1.0
PROD00003130,1.0
PROD00003133,1.0
PROD00003135,1.0
PROD00003136,1.0
PROD00003139,1.0
PROD00003141,1.0
PROD00003142,1.0
PROD00003143,1.0
PROD00003144,1.0
PROD00003148,1.0
PROD00003149,1.0
PROD00003152,1.0
PROD00003154,1.0
PROD00003156,1.0
PROD00003158,1.0
PROD00003160,1.0
PROD00003161,1.0
PROD00003162,1.0
PROD00003163,1.0
PROD00003164,1.0
PROD00003165,1.0
PROD00003168,1.0
PROD00003171,1.0
PROD00003174,1.0
PROD00003176,1.0
PROD00003177,1.0
PROD00003179,1.0
PROD00003180,1.0
PROD00003189,1.0
PROD00003191,1.0
PROD00003195,1.0
PROD00003196,1.0
PROD00003199,1.0
PROD00003200,1.0
PROD00003201,1.0
PROD00003202,1.0
PROD00003205,1.0
PROD00003206,1.0
PROD00003207,1.0
PROD00003208,1.0
PROD00003211,1.0
PROD00003214,1.0
PROD00003216,1.0
PROD00003217,1.0
PROD00003219,1.0
PROD00003220,1.0
PROD00003221,1.0
PROD00003222,1.0
PROD00003224,1.0
PROD00003225,1.0
PROD00003226,1.0
PROD00003230,1.0
PROD00003236,1.0
PROD00003238,1.0
PROD00003240,1.0
PROD00003242,1.0
PROD00003243,1.0
PROD00003244,1.0
PROD00003246,1.0
PROD00003247,1.0
PROD00003248,1.0
PROD00003249,1.0
PROD00003250,1.0
PROD00003251,1.0
PROD00003253,1.0
PROD00003254,1.0
PROD00003255,1.0
PROD00003256,1.0
PROD00003263,1.0
PROD00003265,1.0
PROD00003267,1.0
PROD00003268,1.0
PROD00003271,1.0
PROD00003273,1.0
PROD00003274,1.0
PROD00003275,1.0
PROD00003276,1.0
PROD00003280,1.0
PROD00003281,1.0
PROD00003284,1.0
PROD00003285,1.0
PROD00003286,1.0
PROD00003288,1.0
PROD00003289,1.0
PROD00003290,1.0
PROD00003293,1.0
PROD00003299,1.0
PROD00003301,1.0
PROD00003302,1.0
PROD00003303,1.0
PROD00003304,1.0
PROD00003306,1.0
PROD00003307,1.0
PROD00003308,1.0
PROD00003312,1.0
PROD00003314,1.0
PROD00003315,1.0
PROD00003318,1.0
PROD00003321,1.0
PROD00003323,1.0
PROD00003328,1.0
PROD00003329,1.0
PROD00003331,1.0
PROD00003335,1.0
PROD00003336,1.0
PROD00003338,1.0
PROD00003343,1.0
PROD00003344,1.0
PROD00003346,1.0
PROD00003347,1.0
PROD00003349,1.0
PROD00003353,1.0
PROD00003354,1.0
PROD00003355,1.0
PROD00003357,1.0
PROD00003359,1.0
PROD00003360,1.0
PROD00003363,1.0
PROD00003365,1.0
PROD00003367,1.0
PROD00003368,1.0
PROD00003369,1.0
PROD00003370,1.0
PROD00003371,1.0
PROD00003373,1.0
PROD00003375,1.0
PROD00003380,1.0
PROD00003385,1.0
PROD00003386,1.0
PROD00003387,1.0
PROD00003388,1.0
PROD00003392,1.0
PROD00003393,1.0
PROD00003394,1.0
PROD00003395,1.0
PROD00003396,1.0
PROD00003397,1.0
PROD00003400,1.0
PROD00003403,1.0
PROD00003404,1.0
PROD00003405,1.0
PROD00003406,1.0
PROD00003408,1.0
PROD00003415,1.0
PROD00003416,1.0
PROD00003417,1.0
PROD00003419,1.0
PROD00003420,1.0
PROD00003421,1.0
PROD00003426,1.0
PROD00003427,1.0
PROD00003434,1.0
PROD00003437,1.0
PROD00003439,1.0
PROD00003441,1.0
PROD00003442,1.0
PROD00003445,1.0
PROD00003446,1.0
PROD00003448,1.0
PROD00003450,1.0
PROD00003452,1.0
PROD00003454,1.0
PROD00003455,1.0
PROD00003457,1.0
PROD00003460,1.0
PROD00003462,1.0
PROD00003463,1.0
PROD00003464,1.0
PROD00003468,1.0
PROD00003472,1.0
PROD00003474,1.0
PROD00003476,1.0
PROD00003478,1.0
PROD00003480,1.0
PROD00003483,1.0
PROD00003485,1.0
PROD00003486,1.0
PROD00003487,1.0
PROD00003488,1.0
PROD00003489,1.0
PROD00003490,1.0
PROD00003492,1.0
PROD00003494,1.0
PROD00003497,1.0
PROD00003502,1.0
PROD00003503,1.0
PROD00003505,1.0
PROD00003506,1.0
PROD00003507,1.0
PROD00003509,1.0
PROD00003510,1.0
PROD00003522,1.0
PROD00003525,1.0
PROD00003531,1.0
PROD00003534,1.0
PROD00003535,1.0
PROD00003536,1.0
PROD00003537,1.0
PROD00003538,1.0
PROD00003541,1.0
PROD00003542,1.0
PROD00003543,1.0
PROD00003544,1.0
PROD00003547,1.0
PROD00003548,1.0
PROD00003552,1.0
PROD00003555,1.0
PROD00003559,1.0
PROD00003560,1.0
PROD00003567,1.0
PROD00003568,1.0
PROD00003569,1.0
PROD00003570,1.0
PROD00003573,1.0
PROD00003577,1.0
PROD00003579,1.0
PROD00003580,1.0
PROD00003581,1.0
PROD00003583,1.0
PROD00003584,1.0
PROD00003585,1.0
PROD00003588,1.0
PROD00003591,1.0
PROD00003593,1.0
PROD00003594,1.0
PROD00003596,1.0
PROD00003597,1.0
PROD00003599,1.0
PROD00003600,1.0
PROD00003601,1.0
PROD00003602,1.0
PROD00003603,1.0
PROD00003604,1.0
PROD00003605,1.0
PROD00003606,1.0
PROD00003607,1.0
PROD00003609,1.0
PROD00003610,1.0
PROD00003617,1.0
PROD00003620,1.0
PROD00003621,1.0
PROD00003622,1.0
PROD00003623,1.0
PROD00003627,1.0
PROD00003628,1.0
PROD00003631,1.0
PROD00003633,1.0
PROD00003634,1.0
PROD00003642,1.0
PROD00003643,1.0
PROD00003644,1.0
PROD00003645,1.0
PROD00003648,1.0
PROD00003651,1.0
PROD00003652,1.0
PROD00003654,1.0
PROD00003655,1.0
PROD00003658,1.0
PROD00003660,1.0
PROD00003661,1.0
PROD00003662,1.0
PROD00003665,1.0
PROD00003666,1.0
PROD00003668,1.0
PROD00003669,1.0
PROD00003672,1.0
PROD00003673,1.0
PROD00003675,1.0
PROD00003677,1.0
PROD00003681,1.0
PROD00003684,1.0
PROD00003685,1.0
PROD00003688,1.0
PROD00003689,1.0
PROD00003691,1.0
PROD00003700,1.0
PROD00003701,1.0
PROD00003702,1.0
PROD00003703,1.0
PROD00003704,1.0
PROD00003705,1.0
PROD00003706,1.0
PROD00003707,1.0
PROD00003708,1.0
PROD00003709,1.0
PROD00003713,1.0
PROD00003719,1.0
PROD00003720,1.0
PROD00003727,1.0
PROD00003729,1.0
PROD00003731,1.0
PROD00003732,1.0
PROD00003733,1.0
PROD00003734,1.0
PROD00003736,1.0
PROD00003737,1.0
PROD00003739,1.0
PROD00003742,1.0
PROD00003743,1.0
PROD00003746,1.0
PROD00003749,1.0
PROD00003750,1.0
PROD00003753,1.0
PROD00003754,1.0
PROD00003755,1.0
PROD00003756,1.0
PROD00003758,1.0
PROD00003759,1.0
PROD00003765,1.0
PROD00003766,1.0
PROD00003767,1.0
PROD00003768,1.0
PROD00003772,1.0
PROD00003774,1.0
PROD00003776,1.0
PROD00003777,1.0
PROD00003778,1.0
PROD00003779,1.0
PROD00003780,1.0
PROD00003782,1.0
PROD00003783,1.0
PROD00003784,1.0
PROD00003785,1.0
PROD00003789,1.0
PROD00003793,1.0
PROD00003794,1.0
PROD00003796,1.0
PROD00003797,1.0
PROD00003799,1.0
PROD00003801,1.0
PROD00003802,1.0
PROD00003804,1.0
PROD00003805,1.0
PROD00003806,1.0
PROD00003807,1.0
PROD00003808,1.0
PROD00003809,1.0
PROD00003811,1.0
PROD00003813,1.0
PROD00003815,1.0
PROD00003818,1.0
PROD00003822,1.0
PROD00003825,1.0
PROD00003826,1.0
PROD00003827,1.0
PROD00003833,1.0
PROD00003836,1.0
PROD00003837,1.0
PROD00003838,1.0
PROD00003840,1.0
PROD00003841,1.0
PROD00003842,1.0
PROD00003845,1.0
PROD00003846,1.0
PROD00003848,1.0
PROD00003849,1.0
PROD00003850,1.0
PROD00003859,1.0
PROD00003863,1.0
PROD00003865,1.0
PROD00003867,1.0
PROD00003868,1.0
PROD00003869,1.0
PROD00003871,1.0
PROD00003872,1.0
PROD00003873,1.0
PROD00003875,1.0
PROD00003876,1.0
PROD00003877,1.0
PROD00003878,1.0
PROD00003879,1.0
PROD00003881,1.0
PROD00003882,1.0
PROD00003884,1.0
PROD00003885,1.0
PROD00003887,1.0
PROD00003888,1.0
PROD00003890,1.0
PROD00003892,1.0
PROD00003895,1.0
PROD00003896,1.0
PROD00003898,1.0
PROD00003900,1.0
PROD00003901,1.0
PROD00003902,1.0
PROD00003903,1.0
PROD00003904,1.0
PROD00003907,1.0
PROD00003908,1.0
PROD00003909,1.0
PROD00003912,1.0
PROD00003913,1.0
PROD00003914,1.0
PROD00003916,1.0
PROD00003918,1.0
PROD00003921,1.0
PROD00003924,1.0
PROD00003927,1.0
PROD00003928,1.0
PROD00003929,1.0
PROD00003932,1.0
PROD00003933,1.0
PROD00003935,1.0
PROD00003936,1.0
PROD00003937,1.0
PROD00003938,1.0
PROD00003939,1.0
PROD00003940,1.0
PROD00003942,1.0
PROD00003943,1.0
PROD00003944,1.0
PROD00003945,1.0
PROD00003950,1.0
PROD00003952,1.0
PROD00003954,1.0
PROD00003955,1.0
PROD00003956,1.0
PROD00003957,1.0
PROD00003959,1.0
PROD00003960,1.0
PROD00003961,1.0
PROD00003962,1.0
PROD00003963,1.0
PROD00003965,1.0
PROD00003968,1.0
PROD00003970,1.0
PROD00003972,1.0
PROD00003973,1.0
PROD00003974,1.0
PROD00003975,1.0
PROD00003976,1.0
PROD00003978,1.0
PROD00003980,1.0
PROD00003981,1.0
PROD00003985,1.0
PROD00003986,1.0
PROD00003987,1.0
PROD00003988,1.0
PROD00003990,1.0
PROD00003991,1.0
PROD00003992,1.0
PROD00003993,1.0
PROD00003994,1.0
PROD00003995,1.0
PROD00003996,1.0
PROD00003997,1.0
PROD00003998,1.0
PROD00004001,1.0
PROD00004002,1.0
PROD00004003,1.0
PROD00004004,1.0
PROD00004006,1.0
PROD00004007,1.0
PROD00004009,1.0
PROD00004011,1.0
PROD00004012,1.0
PROD00004016,1.0
PROD00004017,1.0
PROD00004018,1.0
PROD00004019,1.0
PROD00004021,1.0
PROD00004026,1.0
PROD00004027,1.0
PROD00004029,1.0
PROD00004034,1.0
PROD00004035,1.0
PROD00004037,1.0
PROD00004038,1.0
PROD00004040,1.0
PROD00004041,1.0
PROD00004044,1.0
PROD00004045,1.0
PROD00004048,1.0
PROD00004053,1.0
PROD00004054,1.0
PROD00004059,1.0
PROD00004060,1.0
PROD00004061,1.0
PROD00004062,1.0
PROD00004063,1.0
PROD00004066,1.0
PROD00004068,1.0
PROD00004069,1.0
PROD00004071,1.0
PROD00004073,1.0
PROD00004074,1.0
PROD00004078,1.0
PROD00004079,1.0
PROD00004081,1.0
PROD00004083,1.0
PROD00004084,1.0
PROD00004085,1.0
PROD00004088,1.0
PROD00004090,1.0
PROD00004094,1.0
PROD00004095,1.0
PROD00004098,1.0
PROD00004099,1.0
PROD00004100,1.0
PROD00004102,1.0
PROD00004104,1.0
PROD00004112,1.0
PROD00004113,1.0
PROD00004114,1.0
PROD00004116,1.0
PROD00004119,1.0
PROD00004121,1.0
PROD00004122,1.0
PROD00004123,1.0
PROD00004124,1.0
PROD00004129,1.0
PROD00004131,1.0
PROD00004132,1.0
PROD00004133,1.0
PROD00004135,1.0
PROD00004136,1.0
PROD00004139,1.0
PROD00004144,1.0
PROD00004146,1.0
PROD00004148,1.0
PROD00004155,1.0
PROD00004159,1.0
PROD00004162,1.0
PROD00004163,1.0
PROD00004164,1.0
PROD00004172,1.0
PROD00004173,1.0
PROD00004175,1.0
PROD00004176,1.0
PROD00004177,1.0
PROD00004178,1.0
PROD00004179,1.0
PROD00004181,1.0
PROD00004183,1.0
PROD00004184,1.0
PROD00004185,1.0
PROD00004186,1.0
PROD00004188,1.0
PROD00004194,1.0
PROD00004195,1.0
PROD00004196,1.0
PROD00004197,1.0
PROD00004200,1.0
PROD00004201,1.0
PROD00004202,1.0
PROD00004205,1.0
PROD00004207,1.0
PROD00004208,1.0
PROD00004211,1.0
PROD00004213,1.0
PROD00004214,1.0
PROD00004219,1.0
PROD00004220,1.0
PROD00004230,1.0
PROD00004231,1.0
PROD00004232,1.0
PROD00004234,1.0
PROD00004235,1.0
PROD00004237,1.0
PROD00004238,1.0
PROD00004239,1.0
PROD00004240,1.0
PROD00004241,1.0
PROD00004242,1.0
PROD00004243,1.0
PROD00004249,1.0
PROD00004252,1.0
PROD00004253,1.0
PROD00004255,1.0
PROD00004256,1.0
PROD00004259,1.0
PROD00004260,1.0
PROD00004264,1.0
PROD00004266,1.0
PROD00004270,1.0
PROD00004271,1.0
PROD00004272,1.0
PROD00004273,1.0
PROD00004274,1.0
PROD00004277,1.0
PROD00004279,1.0
PROD00004280,1.0
PROD00004284,1.0
PROD00004285,1.0
PROD00004289,1.0
PROD00004298,1.0
PROD00004299,1.0
PROD00004300,1.0
PROD00004301,1.0
PROD00004303,1.0
PROD00004305,1.0
PROD00004307,1.0
PROD00004308,1.0
PROD00004313,1.0
PROD00004316,1.0
PROD00004319,1.0
PROD00004321,1.0
PROD00004322,1.0
PROD00004324,1.0
PROD00004326,1.0
PROD00004327,1.0
PROD00004328,1.0
PROD00004329,1.0
PROD00004332,1.0
PROD00004333,1.0
PROD00004335,1.0
PROD00004339,1.0
PROD00004340,1.0
PROD00004344,1.0
PROD00004345,1.0
PROD00004347,1.0
PROD00004348,1.0
PROD00004349,1.0
PROD00004353,1.0
PROD00004354,1.0
PROD00004355,1.0
PROD00004356,1.0
PROD00004360,1.0
PROD00004362,1.0
PROD00004363,1.0
PROD00004364,1.0
PROD00004366,1.0
PROD00004367,1.0
PROD00004370,1.0
PROD00004374,1.0
PROD00004377,1.0
PROD00004378,1.0
PROD00004379,1.0
PROD00004382,1.0
PROD00004383,1.0
PROD00004384,1.0
PROD00004387,1.0
PROD00004389,1.0
PROD00004390,1.0
PROD00004392,1.0
PROD00004393,1.0
PROD00004397,1.0
PROD00004399,1.0
PROD00004400,1.0
PROD00004404,1.0
PROD00004405,1.0
PROD00004406,1.0
PROD00004410,1.0
PROD00004411,1.0
PROD00004412,1.0
PROD00004417,1.0
PROD00004419,1.0
PROD00004425,1.0
PROD00004428,1.0
PROD00004429,1.0
PROD00004431,1.0
PROD00004432,1.0
PROD00004434,1.0
PROD00004436,1.0
PROD00004440,1.0
PROD00004444,1.0
PROD00004447,1.0
PROD00004449,1.0
PROD00004451,1.0
PROD00004453,1.0
PROD00004455,1.0
PROD00004460,1.0
PROD00004461,1.0
PROD00004466,1.0
PROD00004472,1.0
PROD00004473,1.0
PROD00004477,1.0
PROD00004479,1.0
PROD00004480,1.0
PROD00004481,1.0
PROD00004482,1.0
PROD00004484,1.0
PROD00004485,1.0
PROD00004487,1.0
PROD00004489,1.0
PROD00004491,1.0
PROD00004495,1.0
PROD00004498,1.0
PROD00004500,1.0
PROD00004501,1.0
PROD00004504,1.0
PROD00004505,1.0
PROD00004507,1.0
PROD00004508,1.0
PROD00004509,1.0
PROD00004510,1.0
PROD00004512,1.0
PROD00004513,1.0
PROD00004514,1.0
PROD00004515,1.0
PROD00004516,1.0
PROD00004518,1.0
PROD00004520,1.0
PROD00004521,1.0
PROD00004526,1.0
PROD00004528,1.0
PROD00004530,1.0
PROD00004531,1.0
PROD00004532,1.0
PROD00004534,1.0
PROD00004536,1.0
PROD00004537,1.0
PROD00004539,1.0
PROD00004540,1.0
PROD00004543,1.0
PROD00004545,1.0
PROD00004546,1.0
PROD00004548,1.0
PROD00004552,1.0
PROD00004554,1.0
PROD00004563,1.0
PROD00004564,1.0
PROD00004571,1.0
PROD00004572,1.0
PROD00004573,1.0
PROD00004575,1.0
PROD00004576,1.0
PROD00004578,1.0
PROD00004579,1.0
PROD00004585,1.0
PROD00004589,1.0
PROD00004590,1.0
PROD00004594,1.0
PROD00004595,1.0
PROD00004597,1.0
PROD00004598,1.0
PROD00004599,1.0
PROD00004602,1.0
PROD00004604,1.0
PROD00004606,1.0
PROD00004609,1.0
PROD00004610,1.0
PROD00004611,1.0
PROD00004612,1.0
PROD00004613,1.0
PROD00004614,1.0
PROD00004615,1.0
PROD00004618,1.0
PROD00004619,1.0
PROD00004620,1.0
PROD00004621,1.0
PROD00004622,1.0
PROD00004631,1.0
PROD00004632,1.0
PROD00004638,1.0
PROD00004640,1.0
PROD00004644,1.0
PROD00004648,1.0
PROD00004649,1.0
PROD00004650,1.0
PROD00004653,1.0
PROD00004656,1.0
PROD00004659,1.0
PROD00004661,1.0
PROD00004664,1.0
PROD00004665,1.0
PROD00004667,1.0
PROD00004671,1.0
PROD00004672,1.0
PROD00004673,1.0
PROD00004680,1.0
PROD00004682,1.0
PROD00004684,1.0
PROD00004685,1.0
PROD00004686,1.0
PROD00004687,1.0
PROD00004688,1.0
PROD00004692,1.0
PROD00004698,1.0
PROD00004700,1.0
PROD00004702,1.0
PROD00004703,1.0
PROD00004704,1.0
PROD00004706,1.0
PROD00004711,1.0
PROD00004712,1.0
PROD00004714,1.0
PROD00004721,1.0
PROD00004725,1.0
PROD00004726,1.0
PROD00004728,1.0
PROD00004729,1.0
PROD00004735,1.0
PROD00004737,1.0
PROD00004742,1.0
PROD00004743,1.0
PROD00004744,1.0
PROD00004747,1.0
PROD00004752,1.0
PROD00004758,1.0
PROD00004759,1.0
PROD00004762,1.0
PROD00004763,1.0
PROD00004765,1.0
PROD00004769,1.0
PROD00004770,1.0
PROD00004771,1.0
PROD00004774,1.0
PROD00004775,1.0
PROD00004780,1.0
PROD00004782,1.0
PROD00004783,1.0
PROD00004784,1.0
PROD00004786,1.0
PROD00004789,1.0
PROD00004790,1.0
PROD00004791,1.0
PROD00004792,1.0
PROD00004795,1.0
PROD00004796,1.0
PROD00004797,1.0
PROD00004798,1.0
PROD00004799,1.0
PROD00004800,1.0
PROD00004801,1.0
PROD00004802,1.0
PROD00004807,1.0
PROD00004808,1.0
PROD00004809,1.0
PROD00004810,1.0
PROD00004811,1.0
PROD00004813,1.0
PROD00004814,1.0
PROD00004816,1.0
PROD00004817,1.0
PROD00004818,1.0
PROD00004819,1.0
PROD00004820,1.0
PROD00004821,1.0
PROD00004822,1.0
PROD00004823,1.0
PROD00004824,1.0
PROD00004825,1.0
PROD00004829,1.0
PROD00004830,1.0
PROD00004831,1.0
PROD00004835,1.0
PROD00004838,1.0
PROD00004842,1.0
PROD00004843,1.0
PROD00004847,1.0
PROD00004848,1.0
PROD00004852,1.0
PROD00004856,1.0
PROD00004858,1.0
PROD00004860,1.0
PROD00004861,1.0
PROD00004862,1.0
PROD00004865,1.0
PROD00004866,1.0
PROD00004873,1.0
PROD00004874,1.0
PROD00004875,1.0
PROD00004876,1.0
PROD00004878,1.0
PROD00004879,1.0
PROD00004880,1.0
PROD00004881,1.0
PROD00004884,1.0
PROD00004885,1.0
PROD00004887,1.0
PROD00004893,1.0
PROD00004896,1.0
PROD00004900,1.0
PROD00004902,1.0
PROD00004903,1.0
PROD00004904,1.0
PROD00004905,1.0
PROD00004908,1.0
PROD00004911,1.0
PROD00004912,1.0
PROD00004913,1.0
PROD00004914,1.0
PROD00004915,1.0
PROD00004916,1.0
PROD00004917,1.0
PROD00004918,1.0
PROD00004919,1.0
PROD00004920,1.0
PROD00004922,1.0
PROD00004926,1.0
PROD00004929,1.0
PROD00004930,1.0
PROD00004931,1.0
PROD00004933,1.0
PROD00004934,1.0
PROD00004935,1.0
PROD00004936,1.0
PROD00004937,1.0
PROD00004938,1.0
PROD00004939,1.0
PROD00004942,1.0
PROD00004944,1.0
PROD00004947,1.0
PROD00004948,1.0
PROD00004949,1.0
PROD00004950,1.0
PROD00004951,1.0
PROD00004952,1.0
PROD00004953,1.0
PROD00004955,1.0
PROD00004957,1.0
PROD00004958,1.0
PROD00004960,1.0
PROD00004962,1.0
PROD00004963,1.0
PROD00004964,1.0
PROD00004965,1.0
PROD00004966,1.0
PROD00004967,1.0
PROD00004969,1.0
PROD00004972,1.0
PROD00004973,1.0
PROD00004975,1.0
PROD00004977,1.0
PROD00004979,1.0
PROD00004980,1.0
PROD00004981,1.0
PROD00004982,1.0
PROD00004986,1.0
PROD00004987,1.0
PROD00004988,1.0
PROD00004990,1.0
PROD00004992,1.0
PROD00004996,1.0
PROD00004997,1.0
PROD00004999,1.0
PROD00005000,1.0
PROD00005001,1.0
PROD00005002,1.0
PROD00005004,1.0
PROD00005005,1.0
PROD00005007,1.0
PROD00005008,1.0
PROD00005010,1.0
PROD00005011,1.0
PROD00005014,1.0
PROD00005025,1.0
PROD00005027,1.0
PROD00005028,1.0
PROD00005029,1.0
PROD00005033,1.0
PROD00005035,1.0
PROD00005036,1.0
PROD00005037,1.0
PROD00005038,1.0
PROD00005043,1.0
PROD00005044,1.0
PROD00005045,1.0
PROD00005046,1.0
PROD00005048,1.0
PROD00005049,1.0
PROD00005052,1.0
PROD00005053,1.0
PROD00005054,1.0
PROD00005055,1.0
PROD00005058,1.0
PROD00005059,1.0
PROD00005062,1.0
PROD00005065,1.0
PROD00005066,1.0
PROD00005072,1.0
PROD00005076,1.0
PROD00005078,1.0
PROD00005079,1.0
PROD00005081,1.0
PROD00005082,1.0
PROD00005084,1.0
PROD00005086,1.0
PROD00005087,1.0
PROD00005091,1.0
PROD00005092,1.0
PROD00005093,1.0
PROD00005094,1.0
PROD00005095,1.0
PROD00005097,1.0
PROD00005098,1.0
PROD00005101,1.0
PROD00005105,1.0
PROD00005111,1.0
PROD00005112,1.0
PROD00005113,1.0
PROD00005114,1.0
PROD00005115,1.0
PROD00005118,1.0
PROD00005120,1.0
PROD00005121,1.0
PROD00005123,1.0
PROD00005125,1.0
PROD00005126,1.0
PROD00005127,1.0
PROD00005129,1.0
PROD00005131,1.0
PROD00005132,1.0
PROD00005139,1.0
PROD00005140,1.0
PROD00005143,1.0
PROD00005148,1.0
PROD00005150,1.0
PROD00005151,1.0
PROD00005153,1.0
PROD00005154,1.0
PROD00005156,1.0
PROD00005163,1.0
PROD00005164,1.0
PROD00005165,1.0
PROD00005171,1.0
PROD00005172,1.0
PROD00005176,1.0
PROD00005177,1.0
PROD00005178,1.0
PROD00005179,1.0
PROD00005184,1.0
PROD00005185,1.0
PROD00005186,1.0
PROD00005187,1.0
PROD00005188,1.0
PROD00005189,1.0
PROD00005190,1.0
PROD00005192,1.0
PROD00005194,1.0
PROD00005195,1.0
PROD00005196,1.0
PROD00005206,1.0
PROD00005207,1.0
PROD00005212,1.0
PROD00005214,1.0
PROD00005215,1.0
PROD00005217,1.0
PROD00005218,1.0
PROD00005219,1.0
PROD00005221,1.0
PROD00005222,1.0
PROD00005223,1.0
PROD00005224,1.0
PROD00005225,1.0
PROD00005226,1.0
PROD00005227,1.0
PROD00005228,1.0
PROD00005229,1.0
PROD00005230,1.0
PROD00005232,1.0
PROD00005233,1.0
PROD00005234,1.0
PROD00005235,1.0
PROD00005236,1.0
PROD00005238,1.0
PROD00005239,1.0
PROD00005240,1.0
PROD00005241,1.0
PROD00005250,1.0
PROD00005252,1.0
PROD00005253,1.0
PROD00005257,1.0
PROD00005263,1.0
PROD00005264,1.0
PROD00005266,1.0
PROD00005267,1.0
PROD00005268,1.0
PROD00005269,1.0
PROD00005272,1.0
PROD00005273,1.0
PROD00005275,1.0
PROD00005277,1.0
PROD00005281,1.0
PROD00005282,1.0
PROD00005283,1.0
PROD00005287,1.0
PROD00005291,1.0
PROD00005292,1.0
PROD00005298,1.0
PROD00005300,1.0
PROD00005301,1.0
PROD00005304,1.0
PROD00005306,1.0
PROD00005307,1.0
PROD00005312,1.0
PROD00005313,1.0
PROD00005315,1.0
PROD00005316,1.0
PROD00005320,1.0
PROD00005321,1.0
PROD00005322,1.0
PROD00005323,1.0
PROD00005326,1.0
PROD00005327,1.0
PROD00005328,1.0
PROD00005330,1.0
PROD00005331,1.0
PROD00005332,1.0
PROD00005333,1.0
PROD00005336,1.0
PROD00005337,1.0
PROD00005340,1.0
PROD00005345,1.0
PROD00005351,1.0
PROD00005352,1.0
PROD00005353,1.0
PROD00005356,1.0
PROD00005357,1.0
PROD00005358,1.0
PROD00005361,1.0
PROD00005362,1.0
PROD00005363,1.0
PROD00005364,1.0
PROD00005365,1.0
PROD00005368,1.0
PROD00005370,1.0
PROD00005371,1.0
PROD00005372,1.0
PROD00005373,1.0
PROD00005374,1.0
PROD00005378,1.0
PROD00005380,1.0
PROD00005381,1.0
PROD00005388,1.0
PROD00005389,1.0
PROD00005390,1.0
PROD00005391,1.0
PROD00005393,1.0
PROD00005394,1.0
PROD00005397,1.0
PROD00005399,1.0
PROD00005402,1.0
PROD00005403,1.0
PROD00005405,1.0
PROD00005406,1.0
PROD00005408,1.0
PROD00005409,1.0
PROD00005410,1.0
PROD00005411,1.0
PROD00005413,1.0
PROD00005415,1.0
PROD00005419,1.0
PROD00005421,1.0
PROD00005422,1.0
PROD00005423,1.0
PROD00005424,1.0
PROD00005425,1.0
PROD00005429,1.0
PROD00005431,1.0
PROD00005436,1.0
PROD00005437,1.0
PROD00005438,1.0
PROD00005439,1.0
PROD00005440,1.0
PROD00005442,1.0
PROD00005444,1.0
PROD00005445,1.0
PROD00005447,1.0
PROD00005448,1.0
PROD00005450,1.0
PROD00005453,1.0
PROD00005454,1.0
PROD00005456,1.0
PROD00005458,1.0
PROD00005461,1.0
PROD00005462,1.0
PROD00005463,1.0
PROD00005464,1.0
PROD00005465,1.0
PROD00005468,1.0
PROD00005469,1.0
PROD00005471,1.0
PROD00005473,1.0
PROD00005477,1.0
PROD00005480,1.0
PROD00005482,1.0
PROD00005484,1.0
PROD00005485,1.0
PROD00005486,1.0
PROD00005488,1.0
PROD00005489,1.0
PROD00005490,1.0
PROD00005491,1.0
PROD00005497,1.0
PROD00005501,1.0
PROD00005504,1.0
PROD00005505,1.0
PROD00005507,1.0
PROD00005510,1.0
PROD00005512,1.0
PROD00005514,1.0
PROD00005515,1.0
PROD00005519,1.0
PROD00005520,1.0
PROD00005522,1.0
PROD00005523,1.0
PROD00005527,1.0
PROD00005528,1.0
PROD00005530,1.0
PROD00005532,1.0
PROD00005533,1.0
PROD00005534,1.0
PROD00005539,1.0
PROD00005542,1.0
PROD00005546,1.0
PROD00005548,1.0
PROD00005550,1.0
PROD00005554,1.0
PROD00005555,1.0
PROD00005558,1.0
PROD00005559,1.0
PROD00005560,1.0
PROD00005561,1.0
PROD00005569,1.0
PROD00005570,1.0
PROD00005571,1.0
PROD00005572,1.0
PROD00005576,1.0
PROD00005578,1.0
PROD00005580,1.0
PROD00005583,1.0
PROD00005585,1.0
PROD00005586,1.0
PROD00005588,1.0
PROD00005589,1.0
PROD00005591,1.0
PROD00005592,1.0
PROD00005593,1.0
PROD00005595,1.0
PROD00005598,1.0
PROD00005599,1.0
PROD00005602,1.0
PROD00005603,1.0
PROD00005605,1.0
PROD00005606,1.0
PROD00005610,1.0
PROD00005611,1.0
PROD00005613,1.0
PROD00005616,1.0
PROD00005617,1.0
PROD00005619,1.0
PROD00005621,1.0
PROD00005622,1.0
PROD00005623,1.0
PROD00005628,1.0
PROD00005629,1.0
PROD00005634,1.0
PROD00005636,1.0
PROD00005645,1.0
PROD00005648,1.0
PROD00005653,1.0
PROD00005655,1.0
PROD00005656,1.0
PROD00005658,1.0
PROD00005660,1.0
PROD00005662,1.0
PROD00005667,1.0
PROD00005670,1.0
PROD00005675,1.0
PROD00005676,1.0
PROD00005677,1.0
PROD00005681,1.0
PROD00005682,1.0
PROD00005684,1.0
PROD00005687,1.0
PROD00005688,1.0
PROD00005692,1.0
PROD00005693,1.0
PROD00005695,1.0
PROD00005697,1.0
PROD00005702,1.0
PROD00005704,1.0
PROD00005705,1.0
PROD00005707,1.0
PROD00005708,1.0
PROD00005710,1.0
PROD00005711,1.0
PROD00005713,1.0
PROD00005714,1.0
PROD00005716,1.0
PROD00005718,1.0
PROD00005719,1.0
PROD00005720,1.0
PROD00005721,1.0
PROD00005722,1.0
PROD00005724,1.0
PROD00005725,1.0
PROD00005726,1.0
PROD00005728,1.0
PROD00005729,1.0
PROD00005731,1.0
PROD00005733,1.0
PROD00005735,1.0
PROD00005737,1.0
PROD00005738,1.0
PROD00005739,1.0
PROD00005740,1.0
PROD00005741,1.0
PROD00005742,1.0
PROD00005743,1.0
PROD00005745,1.0
PROD00005747,1.0
PROD00005750,1.0
PROD00005751,1.0
PROD00005752,1.0
PROD00005755,1.0
PROD00005757,1.0
PROD00005758,1.0
PROD00005763,1.0
PROD00005764,1.0
PROD00005769,1.0
PROD00005773,1.0
PROD00005774,1.0
PROD00005776,1.0
PROD00005777,1.0
PROD00005780,1.0
PROD00005781,1.0
PROD00005782,1.0
PROD00005787,1.0
PROD00005788,1.0
PROD00005789,1.0
PROD00005793,1.0
PROD00005796,1.0
PROD00005801,1.0
PROD00005803,1.0
PROD00005806,1.0
PROD00005813,1.0
PROD00005817,1.0
PROD00005821,1.0
PROD00005823,1.0
PROD00005825,1.0
PROD00005827,1.0
PROD00005829,1.0
PROD00005836,1.0
PROD00005838,1.0
PROD00005840,1.0
PROD00005841,1.0
PROD00005845,1.0
PROD00005847,1.0
PROD00005848,1.0
PROD00005849,1.0
PROD00005851,1.0
PROD00005852,1.0
PROD00005853,1.0
PROD00005854,1.0
PROD00005856,1.0
PROD00005859,1.0
PROD00005861,1.0
PROD00005862,1.0
PROD00005865,1.0
PROD00005866,1.0
PROD00005867,1.0
PROD00005869,1.0
PROD00005872,1.0
PROD00005873,1.0
PROD00005876,1.0
PROD00005877,1.0
PROD00005881,1.0
PROD00005888,1.0
PROD00005889,1.0
PROD00005890,1.0
PROD00005892,1.0
PROD00005897,1.0
PROD00005899,1.0
PROD00005900,1.0
PROD00005901,1.0
PROD00005903,1.0
PROD00005904,1.0
PROD00005905,1.0
PROD00005907,1.0
PROD00005911,1.0
PROD00005912,1.0
PROD00005913,1.0
PROD00005915,1.0
PROD00005917,1.0
PROD00005918,1.0
PROD00005919,1.0
PROD00005921,1.0
PROD00005922,1.0
PROD00005924,1.0
PROD00005927,1.0
PROD00005928,1.0
PROD00005930,1.0
PROD00005931,1.0
PROD00005932,1.0
PROD00005933,1.0
PROD00005934,1.0
PROD00005937,1.0
PROD00005942,1.0
PROD00005943,1.0
PROD00005944,1.0
PROD00005945,1.0
PROD00005946,1.0
PROD00005952,1.0
PROD00005953,1.0
PROD00005954,1.0
PROD00005956,1.0
PROD00005957,1.0
PROD00005958,1.0
PROD00005961,1.0
PROD00005962,1.0
PROD00005963,1.0
PROD00005966,1.0
PROD00005971,1.0
PROD00005972,1.0
PROD00005973,1.0
PROD00005974,1.0
PROD00005977,1.0
PROD00005979,1.0
PROD00005980,1.0
PROD00005982,1.0
PROD00005985,1.0
PROD00005987,1.0
PROD00005989,1.0
PROD00005991,1.0
PROD00005992,1.0
PROD00005996,1.0
PROD00005997,1.0
PROD00006000,1.0
PROD00006001,1.0
PROD00006003,1.0
PROD00006005,1.0
PROD00006011,1.0
PROD00006012,1.0
PROD00006013,1.0
PROD00006015,1.0
PROD00006016,1.0
PROD00006018,1.0
PROD00006019,1.0
PROD00006020,1.0
PROD00006022,1.0
PROD00006025,1.0
PROD00006027,1.0
PROD00006032,1.0
PROD00006034,1.0
PROD00006036,1.0
PROD00006038,1.0
PROD00006039,1.0
PROD00006040,1.0
PROD00006043,1.0
PROD00006045,1.0
PROD00006048,1.0
PROD00006049,1.0
PROD00006050,1.0
PROD00006051,1.0
PROD00006054,1.0
PROD00006055,1.0
PROD00006056,1.0
PROD00006058,1.0
PROD00006061,1.0
PROD00006064,1.0
PROD00006065,1.0
PROD00006073,1.0
PROD00006075,1.0
PROD00006078,1.0
PROD00006081,1.0
PROD00006082,1.0
PROD00006084,1.0
PROD00006085,1.0
PROD00006088,1.0
PROD00006089,1.0
PROD00006092,1.0
PROD00006094,1.0
PROD00006097,1.0
PROD00006098,1.0
PROD00006100,1.0
PROD00006101,1.0
PROD00006104,1.0
PROD00006105,1.0
PROD00006109,1.0
PROD00006117,1.0
PROD00006120,1.0
PROD00006123,1.0
PROD00006128,1.0
PROD00006129,1.0
PROD00006130,1.0
PROD00006131,1.0
PROD00006132,1.0
PROD00006138,1.0
PROD00006139,1.0
PROD00006141,1.0
PROD00006142,1.0
PROD00006144,1.0
PROD00006146,1.0
PROD00006149,1.0
PROD00006150,1.0
PROD00006153,1.0
PROD00006154,1.0
PROD00006159,1.0
PROD00006160,1.0
PROD00006165,1.0
PROD00006168,1.0
PROD00006169,1.0
PROD00006171,1.0
PROD00006172,1.0
PROD00006173,1.0
PROD00006174,1.0
PROD00006175,1.0
PROD00006176,1.0
PROD00006180,1.0
PROD00006181,1.0
PROD00006182,1.0
PROD00006184,1.0
PROD00006185,1.0
PROD00006187,1.0
PROD00006189,1.0
PROD00006190,1.0
PROD00006192,1.0
PROD00006195,1.0
PROD00006196,1.0
PROD00006197,1.0
PROD00006199,1.0
PROD00006201,1.0
PROD00006205,1.0
PROD00006207,1.0
PROD00006209,1.0
PROD00006215,1.0
PROD00006216,1.0
PROD00006217,1.0
PROD00006219,1.0
PROD00006221,1.0
PROD00006224,1.0
PROD00006225,1.0
PROD00006226,1.0
PROD00006227,1.0
PROD00006231,1.0
PROD00006232,1.0
PROD00006236,1.0
PROD00006242,1.0
PROD00006243,1.0
PROD00006247,1.0
PROD00006248,1.0
PROD00006249,1.0
PROD00006251,1.0
PROD00006254,1.0
PROD00006255,1.0
PROD00006257,1.0
PROD00006258,1.0
PROD00006260,1.0
PROD00006263,1.0
PROD00006265,1.0
PROD00006267,1.0
PROD00006268,1.0
PROD00006269,1.0
PROD00006271,1.0
PROD00006274,1.0
PROD00006275,1.0
PROD00006276,1.0
PROD00006279,1.0
PROD00006281,1.0
PROD00006282,1.0
PROD00006285,1.0
PROD00006286,1.0
PROD00006288,1.0
PROD00006289,1.0
PROD00006290,1.0
PROD00006291,1.0
PROD00006292,1.0
PROD00006293,1.0
PROD00006294,1.0
PROD00006295,1.0
PROD00006297,1.0
PROD00006298,1.0
PROD00006303,1.0
PROD00006305,1.0
PROD00006307,1.0
PROD00006308,1.0
PROD00006312,1.0
PROD00006313,1.0
PROD00006314,1.0
PROD00006315,1.0
PROD00006317,1.0
PROD00006318,1.0
PROD00006321,1.0
PROD00006323,1.0
PROD00006327,1.0
PROD00006329,1.0
PROD00006330,1.0
PROD00006331,1.0
PROD00006332,1.0
PROD00006333,1.0
PROD00006339,1.0
PROD00006340,1.0
PROD00006341,1.0
PROD00006342,1.0
PROD00006344,1.0
PROD00006345,1.0
PROD00006347,1.0
PROD00006350,1.0
PROD00006353,1.0
PROD00006356,1.0
PROD00006357,1.0
PROD00006358,1.0
PROD00006359,1.0
PROD00006360,1.0
PROD00006363,1.0
PROD00006364,1.0
PROD00006366,1.0
PROD00006367,1.0
PROD00006369,1.0
PROD00006371,1.0
PROD00006372,1.0
PROD00006374,1.0
PROD00006375,1.0
PROD00006377,1.0
PROD00006378,1.0
PROD00006381,1.0
PROD00006382,1.0
PROD00006384,1.0
PROD00006386,1.0
PROD00006388,1.0
PROD00006390,1.0
PROD00006392,1.0
PROD00006393,1.0
PROD00006398,1.0
PROD00006401,1.0
PROD00006402,1.0
PROD00006404,1.0
PROD00006406,1.0
PROD00006407,1.0
PROD00006408,1.0
PROD00006409,1.0
PROD00006411,1.0
PROD00006413,1.0
PROD00006414,1.0
PROD00006416,1.0
PROD00006420,1.0
PROD00006421,1.0
PROD00006422,1.0
PROD00006423,1.0
PROD00006424,1.0
PROD00006426,1.0
PROD00006427,1.0
PROD00006428,1.0
PROD00006429,1.0
PROD00006430,1.0
PROD00006436,1.0
PROD00006443,1.0
PROD00006444,1.0
PROD00006446,1.0
PROD00006448,1.0
PROD00006449,1.0
PROD00006451,1.0
PROD00006454,1.0
PROD00006461,1.0
PROD00006463,1.0
PROD00006465,1.0
PROD00006467,1.0
PROD00006468,1.0
PROD00006471,1.0
PROD00006473,1.0
PROD00006474,1.0
PROD00006478,1.0
PROD00006479,1.0
PROD00006480,1.0
PROD00006481,1.0
PROD00006484,1.0
PROD00006485,1.0
PROD00006488,1.0
PROD00006489,1.0
PROD00006492,1.0
PROD00006494,1.0
PROD00006496,1.0
PROD00006497,1.0
PROD00006500,1.0
PROD00006501,1.0
PROD00006502,1.0
PROD00006505,1.0
PROD00006506,1.0
PROD00006507,1.0
PROD00006509,1.0
PROD00006511,1.0
PROD00006514,1.0
PROD00006517,1.0
PROD00006518,1.0
PROD00006519,1.0
PROD00006522,1.0
PROD00006528,1.0
PROD00006529,1.0
PROD00006530,1.0
PROD00006538,1.0
PROD00006539,1.0
PROD00006540,1.0
PROD00006541,1.0
PROD00006542,1.0
PROD00006543,1.0
PROD00006546,1.0
PROD00006547,1.0
PROD00006548,1.0
PROD00006553,1.0
PROD00006554,1.0
PROD00006557,1.0
PROD00006561,1.0
PROD00006562,1.0
PROD00006563,1.0
PROD00006565,1.0
PROD00006567,1.0
PROD00006568,1.0
PROD00006569,1.0
PROD00006573,1.0
PROD00006574,1.0
PROD00006575,1.0
PROD00006576,1.0
PROD00006577,1.0
PROD00006578,1.0
PROD00006586,1.0
PROD00006587,1.0
PROD00006588,1.0
PROD00006591,1.0
PROD00006593,1.0
PROD00006595,1.0
PROD00006596,1.0
PROD00006598,1.0
PROD00006599,1.0
PROD00006602,1.0
PROD00006604,1.0
PROD00006606,1.0
PROD00006607,1.0
PROD00006609,1.0
PROD00006612,1.0
PROD00006613,1.0
PROD00006615,1.0
PROD00006616,1.0
PROD00006617,1.0
PROD00006618,1.0
PROD00006619,1.0
PROD00006620,1.0
PROD00006621,1.0
PROD00006622,1.0
PROD00006623,1.0
PROD00006624,1.0
PROD00006626,1.0
PROD00006628,1.0
PROD00006629,1.0
PROD00006630,1.0
PROD00006635,1.0
PROD00006637,1.0
PROD00006638,1.0
PROD00006640,1.0
PROD00006641,1.0
PROD00006643,1.0
PROD00006644,1.0
PROD00006645,1.0
PROD00006647,1.0
PROD00006650,1.0
PROD00006653,1.0
PROD00006655,1.0
PROD00006657,1.0
PROD00006659,1.0
PROD00006660,1.0
PROD00006661,1.0
PROD00006665,1.0
PROD00006667,1.0
PROD00006668,1.0
PROD00006671,1.0
PROD00006674,1.0
PROD00006675,1.0
PROD00006676,1.0
PROD00006677,1.0
PROD00006680,1.0
PROD00006681,1.0
PROD00006682,1.0
PROD00006683,1.0
PROD00006686,1.0
PROD00006688,1.0
PROD00006691,1.0
PROD00006692,1.0
PROD00006693,1.0
PROD00006694,1.0
PROD00006695,1.0
PROD00006696,1.0
PROD00006697,1.0
PROD00006698,1.0
PROD00006699,1.0
PROD00006700,1.0
PROD00006701,1.0
PROD00006702,1.0
PROD00006703,1.0
PROD00006704,1.0
PROD00006707,1.0
PROD00006712,1.0
PROD00006713,1.0
PROD00006715,1.0
PROD00006720,1.0
PROD00006721,1.0
PROD00006723,1.0
PROD00006725,1.0
PROD00006726,1.0
PROD00006727,1.0
PROD00006729,1.0
PROD00006731,1.0
PROD00006732,1.0
PROD00006736,1.0
PROD00006737,1.0
PROD00006738,1.0
PROD00006740,1.0
PROD00006741,1.0
PROD00006745,1.0
PROD00006748,1.0
PROD00006750,1.0
PROD00006751,1.0
PROD00006752,1.0
PROD00006754,1.0
PROD00006756,1.0
PROD00006757,1.0
PROD00006759,1.0
PROD00006760,1.0
PROD00006763,1.0
PROD00006768,1.0
PROD00006770,1.0
PROD00006771,1.0
PROD00006777,1.0
PROD00006778,1.0
PROD00006779,1.0
PROD00006780,1.0
PROD00006782,1.0
PROD00006784,1.0
PROD00006786,1.0
PROD00006787,1.0
PROD00006789,1.0
PROD00006790,1.0
PROD00006792,1.0
PROD00006793,1.0
PROD00006794,1.0
PROD00006796,1.0
PROD00006797,1.0
PROD00006798,1.0
PROD00006799,1.0
PROD00006803,1.0
PROD00006804,1.0
PROD00006805,1.0
PROD00006806,1.0
PROD00006807,1.0
PROD00006809,1.0
PROD00006810,1.0
PROD00006812,1.0
PROD00006813,1.0
PROD00006814,1.0
PROD00006815,1.0
PROD00006816,1.0
PROD00006817,1.0
PROD00006819,1.0
PROD00006820,1.0
PROD00006821,1.0
PROD00006828,1.0
PROD00006831,1.0
PROD00006832,1.0
PROD00006833,1.0
PROD00006834,1.0
PROD00006835,1.0
PROD00006836,1.0
PROD00006840,1.0
PROD00006841,1.0
PROD00006843,1.0
PROD00006844,1.0
PROD00006849,1.0
PROD00006851,1.0
PROD00006852,1.0
PROD00006853,1.0
PROD00006854,1.0
PROD00006855,1.0
PROD00006859,1.0
PROD00006862,1.0
PROD00006864,1.0
PROD00006865,1.0
PROD00006866,1.0
PROD00006867,1.0
PROD00006868,1.0
PROD00006869,1.0
PROD00006870,1.0
PROD00006871,1.0
PROD00006873,1.0
PROD00006876,1.0
PROD00006880,1.0
PROD00006883,1.0
PROD00006885,1.0
PROD00006887,1.0
PROD00006889,1.0
PROD00006890,1.0
PROD00006891,1.0
PROD00006894,1.0
PROD00006895,1.0
PROD00006899,1.0
PROD00006903,1.0
PROD00006904,1.0
PROD00006905,1.0
PROD00006906,1.0
PROD00006908,1.0
PROD00006910,1.0
PROD00006911,1.0
PROD00006912,1.0
PROD00006917,1.0
PROD00006918,1.0
PROD00006919,1.0
PROD00006922,1.0
PROD00006923,1.0
PROD00006925,1.0
PROD00006926,1.0
PROD00006927,1.0
PROD00006929,1.0
PROD00006930,1.0
PROD00006932,1.0
PROD00006936,1.0
PROD00006937,1.0
PROD00006938,1.0
PROD00006940,1.0
PROD00006941,1.0
PROD00006943,1.0
PROD00006944,1.0
PROD00006945,1.0
PROD00006950,1.0
PROD00006952,1.0
PROD00006953,1.0
PROD00006954,1.0
PROD00006956,1.0
PROD00006959,1.0
PROD00006960,1.0
PROD00006962,1.0
PROD00006964,1.0
PROD00006968,1.0
PROD00006972,1.0
PROD00006976,1.0
PROD00006979,1.0
PROD00006981,1.0
PROD00006984,1.0
PROD00006986,1.0
PROD00006987,1.0
PROD00006992,1.0
PROD00006993,1.0
PROD00006995,1.0
PROD00006999,1.0
PROD00007000,1.0
PROD00007002,1.0
PROD00007005,1.0
PROD00007010,1.0
PROD00007014,1.0
PROD00007017,1.0
PROD00007018,1.0
PROD00007020,1.0
PROD00007021,1.0
PROD00007022,1.0
PROD00007023,1.0
PROD00007024,1.0
PROD00007025,1.0
PROD00007026,1.0
PROD00007030,1.0
PROD00007033,1.0
PROD00007034,1.0
PROD00007035,1.0
PROD00007036,1.0
PROD00007037,1.0
PROD00007038,1.0
PROD00007041,1.0
PROD00007042,1.0
PROD00007046,1.0
PROD00007048,1.0
PROD00007049,1.0
PROD00007050,1.0
PROD00007051,1.0
PROD00007053,1.0
PROD00007055,1.0
PROD00007057,1.0
PROD00007058,1.0
PROD00007060,1.0
PROD00007061,1.0
PROD00007062,1.0
PROD00007063,1.0
PROD00007066,1.0
PROD00007067,1.0
PROD00007068,1.0
PROD00007070,1.0
PROD00007073,1.0
PROD00007074,1.0
PROD00007078,1.0
PROD00007079,1.0
PROD00007080,1.0
PROD00007081,1.0
PROD00007086,1.0
PROD00007088,1.0
PROD00007090,1.0
PROD00007094,1.0
PROD00007096,1.0
PROD00007097,1.0
PROD00007099,1.0
PROD00007101,1.0
PROD00007104,1.0
PROD00007105,1.0
PROD00007106,1.0
PROD00007112,1.0
PROD00007114,1.0
PROD00007119,1.0
PROD00007122,1.0
PROD00007134,1.0
PROD00007137,1.0
PROD00007140,1.0
PROD00007141,1.0
PROD00007143,1.0
PROD00007144,1.0
PROD00007147,1.0
PROD00007148,1.0
PROD00007150,1.0
PROD00007151,1.0
PROD00007152,1.0
PROD00007154,1.0
PROD00007155,1.0
PROD00007156,1.0
PROD00007159,1.0
PROD00007161,1.0
PROD00007163,1.0
PROD00007164,1.0
PROD00007165,1.0
PROD00007167,1.0
PROD00007168,1.0
PROD00007169,1.0
PROD00007171,1.0
PROD00007173,1.0
PROD00007174,1.0
PROD00007175,1.0
PROD00007177,1.0
PROD00007178,1.0
PROD00007181,1.0
PROD00007183,1.0
PROD00007184,1.0
PROD00007185,1.0
PROD00007186,1.0
PROD00007188,1.0
PROD00007190,1.0
PROD00007194,1.0
PROD00007195,1.0
PROD00007197,1.0
PROD00007198,1.0
PROD00007201,1.0
PROD00007204,1.0
PROD00007205,1.0
PROD00007207,1.0
PROD00007208,1.0
PROD00007213,1.0
PROD00007214,1.0
PROD00007221,1.0
PROD00007223,1.0
PROD00007228,1.0
PROD00007229,1.0
PROD00007233,1.0
PROD00007236,1.0
PROD00007241,1.0
PROD00007242,1.0
PROD00007243,1.0
PROD00007245,1.0
PROD00007246,1.0
PROD00007248,1.0
PROD00007251,1.0
PROD00007253,1.0
PROD00007256,1.0
PROD00007258,1.0
PROD00007261,1.0
PROD00007262,1.0
PROD00007264,1.0
PROD00007266,1.0
PROD00007267,1.0
PROD00007269,1.0
PROD00007271,1.0
PROD00007272,1.0
PROD00007274,1.0
PROD00007279,1.0
PROD00007280,1.0
PROD00007282,1.0
PROD00007284,1.0
PROD00007285,1.0
PROD00007291,1.0
PROD00007292,1.0
PROD00007293,1.0
PROD00007294,1.0
PROD00007296,1.0
PROD00007297,1.0
PROD00007298,1.0
PROD00007301,1.0
PROD00007307,1.0
PROD00007309,1.0
PROD00007311,1.0
PROD00007312,1.0
PROD00007314,1.0
PROD00007317,1.0
PROD00007318,1.0
PROD00007324,1.0
PROD00007328,1.0
PROD00007329,1.0
PROD00007330,1.0
PROD00007333,1.0
PROD00007335,1.0
PROD00007336,1.0
PROD00007337,1.0
PROD00007338,1.0
PROD00007340,1.0
PROD00007341,1.0
PROD00007342,1.0
PROD00007343,1.0
PROD00007345,1.0
PROD00007347,1.0
PROD00007349,1.0
PROD00007353,1.0
PROD00007354,1.0
PROD00007356,1.0
PROD00007364,1.0
PROD00007367,1.0
PROD00007370,1.0
PROD00007371,1.0
PROD00007372,1.0
PROD00007374,1.0
PROD00007376,1.0
PROD00007378,1.0
PROD00007379,1.0
PROD00007383,1.0
PROD00007386,1.0
PROD00007387,1.0
PROD00007389,1.0
PROD00007392,1.0
PROD00007394,1.0
PROD00007396,1.0
PROD00007397,1.0
PROD00007398,1.0
PROD00007404,1.0
PROD00007406,1.0
PROD00007407,1.0
PROD00007408,1.0
PROD00007413,1.0
PROD00007415,1.0
PROD00007417,1.0
PROD00007421,1.0
PROD00007422,1.0
PROD00007423,1.0
PROD00007426,1.0
PROD00007427,1.0
PROD00007429,1.0
PROD00007432,1.0
PROD00007433,1.0
PROD00007434,1.0
PROD00007435,1.0
PROD00007437,1.0
PROD00007438,1.0
PROD00007439,1.0
PROD00007442,1.0
PROD00007446,1.0
PROD00007447,1.0
PROD00007448,1.0
PROD00007449,1.0
PROD00007451,1.0
PROD00007452,1.0
PROD00007458,1.0
PROD00007462,1.0
PROD00007464,1.0
PROD00007468,1.0
PROD00007469,1.0
PROD00007470,1.0
PROD00007472,1.0
PROD00007474,1.0
PROD00007476,1.0
PROD00007478,1.0
PROD00007479,1.0
PROD00007480,1.0
PROD00007481,1.0
PROD00007484,1.0
PROD00007486,1.0
PROD00007487,1.0
PROD00007488,1.0
PROD00007490,1.0
PROD00007492,1.0
PROD00007502,1.0
PROD00007503,1.0
PROD00007504,1.0
PROD00007506,1.0
PROD00007511,1.0
PROD00007512,1.0
PROD00007513,1.0
PROD00007516,1.0
PROD00007517,1.0
PROD00007522,1.0
PROD00007526,1.0
PROD00007527,1.0
PROD00007528,1.0
PROD00007529,1.0
PROD00007530,1.0
PROD00007536,1.0
PROD00007537,1.0
PROD00007541,1.0
PROD00007543,1.0
PROD00007544,1.0
PROD00007546,1.0
PROD00007547,1.0
PROD00007549,1.0
PROD00007552,1.0
PROD00007554,1.0
PROD00007555,1.0
PROD00007558,1.0
PROD00007559,1.0
PROD00007560,1.0
PROD00007562,1.0
PROD00007563,1.0
PROD00007566,1.0
PROD00007567,1.0
PROD00007572,1.0
PROD00007575,1.0
PROD00007576,1.0
PROD00007577,1.0
PROD00007579,1.0
PROD00007581,1.0
PROD00007582,1.0
PROD00007583,1.0
PROD00007585,1.0
PROD00007588,1.0
PROD00007591,1.0
PROD00007592,1.0
PROD00007593,1.0
PROD00007595,1.0
PROD00007599,1.0
PROD00007600,1.0
PROD00007605,1.0
PROD00007607,1.0
PROD00007609,1.0
PROD00007611,1.0
PROD00007612,1.0
PROD00007616,1.0
PROD00007617,1.0
PROD00007620,1.0
PROD00007622,1.0
PROD00007623,1.0
PROD00007626,1.0
PROD00007631,1.0
PROD00007634,1.0
PROD00007636,1.0
PROD00007637,1.0
PROD00007638,1.0
PROD00007640,1.0
PROD00007643,1.0
PROD00007644,1.0
PROD00007647,1.0
PROD00007648,1.0
PROD00007651,1.0
PROD00007652,1.0
PROD00007653,1.0
PROD00007656,1.0
PROD00007659,1.0
PROD00007661,1.0
PROD00007662,1.0
PROD00007663,1.0
PROD00007664,1.0
PROD00007665,1.0
PROD00007666,1.0
PROD00007667,1.0
PROD00007673,1.0
PROD00007674,1.0
PROD00007678,1.0
PROD00007680,1.0
PROD00007682,1.0
PROD00007683,1.0
PROD00007684,1.0
PROD00007686,1.0
PROD00007688,1.0
PROD00007690,1.0
PROD00007692,1.0
PROD00007693,1.0
PROD00007696,1.0
PROD00007702,1.0
PROD00007705,1.0
PROD00007706,1.0
PROD00007707,1.0
PROD00007708,1.0
PROD00007710,1.0
PROD00007711,1.0
PROD00007713,1.0
PROD00007714,1.0
PROD00007715,1.0
PROD00007717,1.0
PROD00007719,1.0
PROD00007720,1.0
PROD00007723,1.0
PROD00007726,1.0
PROD00007727,1.0
PROD00007728,1.0
PROD00007730,1.0
PROD00007732,1.0
PROD00007734,1.0
PROD00007736,1.0
PROD00007739,1.0
PROD00007741,1.0
PROD00007742,1.0
PROD00007743,1.0
PROD00007744,1.0
PROD00007746,1.0
PROD00007747,1.0
PROD00007750,1.0
PROD00007751,1.0
PROD00007752,1.0
PROD00007758,1.0
PROD00007759,1.0
PROD00007763,1.0
PROD00007764,1.0
PROD00007770,1.0
PROD00007772,1.0
PROD00007773,1.0
PROD00007775,1.0
PROD00007776,1.0
PROD00007777,1.0
PROD00007779,1.0
PROD00007780,1.0
PROD00007782,1.0
PROD00007784,1.0
PROD00007785,1.0
PROD00007786,1.0
PROD00007790,1.0
PROD00007792,1.0
PROD00007793,1.0
PROD00007795,1.0
PROD00007797,1.0
PROD00007798,1.0
PROD00007800,1.0
PROD00007801,1.0
PROD00007803,1.0
PROD00007804,1.0
PROD00007806,1.0
PROD00007807,1.0
PROD00007808,1.0
PROD00007810,1.0
PROD00007811,1.0
PROD00007812,1.0
PROD00007813,1.0
PROD00007815,1.0
PROD00007816,1.0
PROD00007817,1.0
PROD00007819,1.0
PROD00007820,1.0
PROD00007822,1.0
PROD00007823,1.0
PROD00007826,1.0
PROD00007827,1.0
PROD00007828,1.0
PROD00007830,1.0
PROD00007831,1.0
PROD00007832,1.0
PROD00007833,1.0
PROD00007839,1.0
PROD00007840,1.0
PROD00007843,1.0
PROD00007844,1.0
PROD00007846,1.0
PROD00007847,1.0
PROD00007848,1.0
PROD00007849,1.0
PROD00007854,1.0
PROD00007858,1.0
PROD00007863,1.0
PROD00007865,1.0
PROD00007866,1.0
PROD00007867,1.0
PROD00007868,1.0
PROD00007869,1.0
PROD00007871,1.0
PROD00007872,1.0
PROD00007877,1.0
PROD00007878,1.0
PROD00007879,1.0
PROD00007882,1.0
PROD00007883,1.0
PROD00007886,1.0
PROD00007889,1.0
PROD00007890,1.0
PROD00007891,1.0
PROD00007894,1.0
PROD00007896,1.0
PROD00007898,1.0
PROD00007899,1.0
PROD00007901,1.0
PROD00007903,1.0
PROD00007905,1.0
PROD00007907,1.0
PROD00007910,1.0
PROD00007911,1.0
PROD00007914,1.0
PROD00007915,1.0
PROD00007916,1.0
PROD00007920,1.0
PROD00007921,1.0
PROD00007924,1.0
PROD00007925,1.0
PROD00007926,1.0
PROD00007927,1.0
PROD00007931,1.0
PROD00007933,1.0
PROD00007936,1.0
PROD00007937,1.0
PROD00007938,1.0
PROD00007943,1.0
PROD00007945,1.0
PROD00007946,1.0
PROD00007947,1.0
PROD00007948,1.0
PROD00007950,1.0
PROD00007952,1.0
PROD00007953,1.0
PROD00007954,1.0
PROD00007955,1.0
PROD00007956,1.0
PROD00007957,1.0
PROD00007959,1.0
PROD00007960,1.0
PROD00007962,1.0
PROD00007963,1.0
PROD00007964,1.0
PROD00007965,1.0
PROD00007968,1.0
PROD00007970,1.0
PROD00007971,1.0
PROD00007973,1.0
PROD00007974,1.0
PROD00007975,1.0
PROD00007977,1.0
PROD00007981,1.0
PROD00007982,1.0
PROD00007985,1.0
PROD00007989,1.0
PROD00007994,1.0
PROD00007995,1.0
PROD00007997,1.0
PROD00007998,1.0
PROD00008006,1.0
PROD00008007,1.0
PROD00008009,1.0
PROD00008012,1.0
PROD00008013,1.0
PROD00008014,1.0
PROD00008016,1.0
PROD00008017,1.0
PROD00008020,1.0
PROD00008022,1.0
PROD00008026,1.0
PROD00008027,1.0
PROD00008028,1.0
PROD00008029,1.0
PROD00008030,1.0
PROD00008031,1.0
PROD00008033,1.0
PROD00008034,1.0
PROD00008035,1.0
PROD00008036,1.0
PROD00008040,1.0
PROD00008041,1.0
PROD00008042,1.0
PROD00008043,1.0
PROD00008045,1.0
PROD00008046,1.0
PROD00008047,1.0
PROD00008049,1.0
PROD00008052,1.0
PROD00008054,1.0
PROD00008055,1.0
PROD00008056,1.0
PROD00008058,1.0
PROD00008062,1.0
PROD00008065,1.0
PROD00008067,1.0
PROD00008068,1.0
PROD00008070,1.0
PROD00008072,1.0
PROD00008074,1.0
PROD00008075,1.0
PROD00008078,1.0
PROD00008080,1.0
PROD00008081,1.0
PROD00008082,1.0
PROD00008085,1.0
PROD00008086,1.0
PROD00008091,1.0
PROD00008095,1.0
PROD00008096,1.0
PROD00008099,1.0
PROD00008101,1.0
PROD00008103,1.0
PROD00008104,1.0
PROD00008105,1.0
PROD00008106,1.0
PROD00008107,1.0
PROD00008108,1.0
PROD00008110,1.0
PROD00008113,1.0
PROD00008114,1.0
PROD00008115,1.0
PROD00008116,1.0
PROD00008117,1.0
PROD00008118,1.0
PROD00008119,1.0
PROD00008122,1.0
PROD00008123,1.0
PROD00008125,1.0
PROD00008126,1.0
PROD00008128,1.0
PROD00008130,1.0
PROD00008133,1.0
PROD00008134,1.0
PROD00008136,1.0
PROD00008137,1.0
PROD00008139,1.0
PROD00008140,1.0
PROD00008141,1.0
PROD00008146,1.0
PROD00008147,1.0
PROD00008148,1.0
PROD00008150,1.0
PROD00008153,1.0
PROD00008155,1.0
PROD00008157,1.0
PROD00008158,1.0
PROD00008160,1.0
PROD00008162,1.0
PROD00008163,1.0
PROD00008164,1.0
PROD00008165,1.0
PROD00008166,1.0
PROD00008168,1.0
PROD00008173,1.0
PROD00008177,1.0
PROD00008179,1.0
PROD00008180,1.0
PROD00008181,1.0
PROD00008182,1.0
PROD00008185,1.0
PROD00008191,1.0
PROD00008192,1.0
PROD00008195,1.0
PROD00008197,1.0
PROD00008198,1.0
PROD00008201,1.0
PROD00008202,1.0
PROD00008204,1.0
PROD00008205,1.0
PROD00008206,1.0
PROD00008207,1.0
PROD00008208,1.0
PROD00008209,1.0
PROD00008211,1.0
PROD00008212,1.0
PROD00008213,1.0
PROD00008215,1.0
PROD00008216,1.0
PROD00008217,1.0
PROD00008218,1.0
PROD00008219,1.0
PROD00008220,1.0
PROD00008225,1.0
PROD00008229,1.0
PROD00008230,1.0
PROD00008232,1.0
PROD00008235,1.0
PROD00008236,1.0
PROD00008237,1.0
PROD00008239,1.0
PROD00008240,1.0
PROD00008241,1.0
PROD00008242,1.0
PROD00008245,1.0
PROD00008248,1.0
PROD00008254,1.0
PROD00008255,1.0
PROD00008259,1.0
PROD00008260,1.0
PROD00008263,1.0
PROD00008265,1.0
PROD00008271,1.0
PROD00008272,1.0
PROD00008276,1.0
PROD00008277,1.0
PROD00008278,1.0
PROD00008279,1.0
PROD00008281,1.0
PROD00008282,1.0
PROD00008283,1.0
PROD00008285,1.0
PROD00008287,1.0
PROD00008289,1.0
PROD00008290,1.0
PROD00008291,1.0
PROD00008293,1.0
PROD00008294,1.0
PROD00008298,1.0
PROD00008299,1.0
PROD00008300,1.0
PROD00008303,1.0
PROD00008304,1.0
PROD00008306,1.0
PROD00008309,1.0
PROD00008310,1.0
PROD00008311,1.0
PROD00008312,1.0
PROD00008313,1.0
PROD00008316,1.0
PROD00008317,1.0
PROD00008318,1.0
PROD00008319,1.0
PROD00008320,1.0
PROD00008325,1.0
PROD00008328,1.0
PROD00008329,1.0
PROD00008330,1.0
PROD00008333,1.0
PROD00008334,1.0
PROD00008339,1.0
PROD00008340,1.0
PROD00008342,1.0
PROD00008343,1.0
PROD00008348,1.0
PROD00008351,1.0
PROD00008356,1.0
PROD00008357,1.0
PROD00008358,1.0
PROD00008359,1.0
PROD00008360,1.0
PROD00008361,1.0
PROD00008362,1.0
PROD00008363,1.0
PROD00008366,1.0
PROD00008369,1.0
PROD00008370,1.0
PROD00008371,1.0
PROD00008372,1.0
PROD00008373,1.0
PROD00008374,1.0
PROD00008375,1.0
PROD00008376,1.0
PROD00008377,1.0
PROD00008378,1.0
PROD00008379,1.0
PROD00008380,1.0
PROD00008383,1.0
PROD00008384,1.0
PROD00008387,1.0
PROD00008388,1.0
PROD00008389,1.0
PROD00008390,1.0
PROD00008391,1.0
PROD00008392,1.0
PROD00008393,1.0
PROD00008395,1.0
PROD00008397,1.0
PROD00008398,1.0
PROD00008399,1.0
PROD00008401,1.0
PROD00008403,1.0
PROD00008404,1.0
PROD00008406,1.0
PROD00008407,1.0
PROD00008408,1.0
PROD00008411,1.0
PROD00008412,1.0
PROD00008413,1.0
PROD00008415,1.0
PROD00008416,1.0
PROD00008418,1.0
PROD00008419,1.0
PROD00008420,1.0
PROD00008421,1.0
PROD00008422,1.0
PROD00008424,1.0
PROD00008426,1.0
PROD00008427,1.0
PROD00008429,1.0
PROD00008430,1.0
PROD00008432,1.0
PROD00008433,1.0
PROD00008436,1.0
PROD00008437,1.0
PROD00008439,1.0
PROD00008444,1.0
PROD00008445,1.0
PROD00008446,1.0
PROD00008448,1.0
PROD00008449,1.0
PROD00008450,1.0
PROD00008451,1.0
PROD00008453,1.0
PROD00008454,1.0
PROD00008460,1.0
PROD00008461,1.0
PROD00008462,1.0
PROD00008464,1.0
PROD00008466,1.0
PROD00008469,1.0
PROD00008471,1.0
PROD00008476,1.0
PROD00008477,1.0
PROD00008478,1.0
PROD00008479,1.0
PROD00008487,1.0
PROD00008488,1.0
PROD00008489,1.0
PROD00008490,1.0
PROD00008491,1.0
PROD00008492,1.0
PROD00008494,1.0
PROD00008498,1.0
PROD00008499,1.0
PROD00008500,1.0
PROD00008501,1.0
PROD00008506,1.0
PROD00008508,1.0
PROD00008510,1.0
PROD00008511,1.0
PROD00008518,1.0
PROD00008519,1.0
PROD00008521,1.0
PROD00008522,1.0
PROD00008523,1.0
PROD00008524,1.0
PROD00008528,1.0
PROD00008529,1.0
PROD00008531,1.0
PROD00008535,1.0
PROD00008538,1.0
PROD00008539,1.0
PROD00008541,1.0
PROD00008543,1.0
PROD00008544,1.0
PROD00008546,1.0
PROD00008548,1.0
PROD00008549,1.0
PROD00008550,1.0
PROD00008551,1.0
PROD00008558,1.0
PROD00008560,1.0
PROD00008562,1.0
PROD00008564,1.0
PROD00008565,1.0
PROD00008566,1.0
PROD00008570,1.0
PROD00008572,1.0
PROD00008573,1.0
PROD00008574,1.0
PROD00008582,1.0
PROD00008583,1.0
PROD00008586,1.0
PROD00008589,1.0
PROD00008590,1.0
PROD00008592,1.0
PROD00008594,1.0
PROD00008598,1.0
PROD00008599,1.0
PROD00008600,1.0
PROD00008601,1.0
PROD00008605,1.0
PROD00008606,1.0
PROD00008607,1.0
PROD00008608,1.0
PROD00008609,1.0
PROD00008610,1.0
PROD00008612,1.0
PROD00008614,1.0
PROD00008618,1.0
PROD00008619,1.0
PROD00008621,1.0
PROD00008623,1.0
PROD00008624,1.0
PROD00008625,1.0
PROD00008626,1.0
PROD00008628,1.0
PROD00008629,1.0
PROD00008630,1.0
PROD00008632,1.0
PROD00008633,1.0
PROD00008635,1.0
PROD00008640,1.0
PROD00008641,1.0
PROD00008642,1.0
PROD00008645,1.0
PROD00008646,1.0
PROD00008648,1.0
PROD00008650,1.0
PROD00008651,1.0
PROD00008652,1.0
PROD00008653,1.0
PROD00008657,1.0
PROD00008660,1.0
PROD00008663,1.0
PROD00008664,1.0
PROD00008666,1.0
PROD00008669,1.0
PROD00008672,1.0
PROD00008673,1.0
PROD00008675,1.0
PROD00008677,1.0
PROD00008678,1.0
PROD00008679,1.0
PROD00008680,1.0
PROD00008681,1.0
PROD00008682,1.0
PROD00008685,1.0
PROD00008689,1.0
PROD00008690,1.0
PROD00008694,1.0
PROD00008695,1.0
PROD00008696,1.0
PROD00008698,1.0
PROD00008700,1.0
PROD00008706,1.0
PROD00008710,1.0
PROD00008711,1.0
PROD00008714,1.0
PROD00008715,1.0
PROD00008717,1.0
PROD00008719,1.0
PROD00008720,1.0
PROD00008721,1.0
PROD00008723,1.0
PROD00008728,1.0
PROD00008730,1.0
PROD00008733,1.0
PROD00008738,1.0
PROD00008740,1.0
PROD00008743,1.0
PROD00008744,1.0
PROD00008750,1.0
PROD00008754,1.0
PROD00008755,1.0
PROD00008757,1.0
PROD00008758,1.0
PROD00008761,1.0
PROD00008766,1.0
PROD00008767,1.0
PROD00008769,1.0
PROD00008772,1.0
PROD00008774,1.0
PROD00008775,1.0
PROD00008776,1.0
PROD00008783,1.0
PROD00008784,1.0
PROD00008787,1.0
PROD00008788,1.0
PROD00008789,1.0
PROD00008790,1.0
PROD00008792,1.0
PROD00008793,1.0
PROD00008798,1.0
PROD00008799,1.0
PROD00008800,1.0
PROD00008801,1.0
PROD00008802,1.0
PROD00008803,1.0
PROD00008809,1.0
PROD00008810,1.0
PROD00008811,1.0
PROD00008813,1.0
PROD00008814,1.0
PROD00008815,1.0
PROD00008817,1.0
PROD00008818,1.0
PROD00008821,1.0
PROD00008828,1.0
PROD00008829,1.0
PROD00008831,1.0
PROD00008832,1.0
PROD00008836,1.0
PROD00008839,1.0
PROD00008842,1.0
PROD00008844,1.0
PROD00008845,1.0
PROD00008846,1.0
PROD00008847,1.0
PROD00008848,1.0
PROD00008849,1.0
PROD00008851,1.0
PROD00008855,1.0
PROD00008856,1.0
PROD00008857,1.0
PROD00008858,1.0
PROD00008862,1.0
PROD00008866,1.0
PROD00008867,1.0
PROD00008869,1.0
PROD00008870,1.0
PROD00008873,1.0
PROD00008874,1.0
PROD00008878,1.0
PROD00008880,1.0
PROD00008881,1.0
PROD00008888,1.0
PROD00008889,1.0
PROD00008892,1.0
PROD00008893,1.0
PROD00008894,1.0
PROD00008895,1.0
PROD00008896,1.0
PROD00008900,1.0
PROD00008901,1.0
PROD00008911,1.0
PROD00008912,1.0
PROD00008913,1.0
PROD00008914,1.0
PROD00008915,1.0
PROD00008919,1.0
PROD00008920,1.0
PROD00008921,1.0
PROD00008922,1.0
PROD00008926,1.0
PROD00008927,1.0
PROD00008930,1.0
PROD00008932,1.0
PROD00008934,1.0
PROD00008935,1.0
PROD00008936,1.0
PROD00008938,1.0
PROD00008939,1.0
PROD00008942,1.0
PROD00008943,1.0
PROD00008945,1.0
PROD00008946,1.0
PROD00008947,1.0
PROD00008948,1.0
PROD00008949,1.0
PROD00008950,1.0
PROD00008952,1.0
PROD00008954,1.0
PROD00008955,1.0
PROD00008959,1.0
PROD00008962,1.0
PROD00008963,1.0
PROD00008964,1.0
PROD00008965,1.0
PROD00008967,1.0
PROD00008969,1.0
PROD00008970,1.0
PROD00008971,1.0
PROD00008972,1.0
PROD00008973,1.0
PROD00008975,1.0
PROD00008980,1.0
PROD00008983,1.0
PROD00008986,1.0
PROD00008988,1.0
PROD00008993,1.0
PROD00008994,1.0
PROD00008995,1.0
PROD00008997,1.0
PROD00008999,1.0
PROD00009000,1.0
PROD00009002,1.0
PROD00009003,1.0
PROD00009004,1.0
PROD00009006,1.0
PROD00009008,1.0
PROD00009010,1.0
PROD00009011,1.0
PROD00009013,1.0
PROD00009016,1.0
PROD00009017,1.0
PROD00009018,1.0
PROD00009019,1.0
PROD00009022,1.0
PROD00009023,1.0
PROD00009024,1.0
PROD00009025,1.0
PROD00009026,1.0
PROD00009027,1.0
PROD00009028,1.0
PROD00009031,1.0
PROD00009032,1.0
PROD00009033,1.0
PROD00009034,1.0
PROD00009038,1.0
PROD00009039,1.0
PROD00009040,1.0
PROD00009042,1.0
PROD00009043,1.0
PROD00009046,1.0
PROD00009048,1.0
PROD00009051,1.0
PROD00009055,1.0
PROD00009059,1.0
PROD00009061,1.0
PROD00009062,1.0
PROD00009065,1.0
PROD00009067,1.0
PROD00009073,1.0
PROD00009076,1.0
PROD00009077,1.0
PROD00009080,1.0
PROD00009083,1.0
PROD00009086,1.0
PROD00009087,1.0
PROD00009088,1.0
PROD00009089,1.0
PROD00009092,1.0
PROD00009093,1.0
PROD00009097,1.0
PROD00009099,1.0
PROD00009100,1.0
PROD00009101,1.0
PROD00009109,1.0
PROD00009110,1.0
PROD00009111,1.0
PROD00009114,1.0
PROD00009116,1.0
PROD00009120,1.0
PROD00009122,1.0
PROD00009123,1.0
PROD00009124,1.0
PROD00009127,1.0
PROD00009128,1.0
PROD00009129,1.0
PROD00009131,1.0
PROD00009132,1.0
PROD00009133,1.0
PROD00009135,1.0
PROD00009136,1.0
PROD00009141,1.0
PROD00009144,1.0
PROD00009146,1.0
PROD00009147,1.0
PROD00009150,1.0
PROD00009152,1.0
PROD00009153,1.0
PROD00009154,1.0
PROD00009156,1.0
PROD00009160,1.0
PROD00009162,1.0
PROD00009163,1.0
PROD00009166,1.0
PROD00009168,1.0
PROD00009171,1.0
PROD00009173,1.0
PROD00009174,1.0
PROD00009176,1.0
PROD00009178,1.0
PROD00009179,1.0
PROD00009181,1.0
PROD00009182,1.0
PROD00009183,1.0
PROD00009185,1.0
PROD00009186,1.0
PROD00009187,1.0
PROD00009188,1.0
PROD00009189,1.0
PROD00009190,1.0
PROD00009193,1.0
PROD00009195,1.0
PROD00009196,1.0
PROD00009197,1.0
PROD00009198,1.0
PROD00009199,1.0
PROD00009201,1.0
PROD00009204,1.0
PROD00009208,1.0
PROD00009209,1.0
PROD00009211,1.0
PROD00009212,1.0
PROD00009213,1.0
PROD00009214,1.0
PROD00009217,1.0
PROD00009219,1.0
PROD00009220,1.0
PROD00009221,1.0
PROD00009228,1.0
PROD00009230,1.0
PROD00009232,1.0
PROD00009235,1.0
PROD00009236,1.0
PROD00009238,1.0
PROD00009242,1.0
PROD00009244,1.0
PROD00009246,1.0
PROD00009248,1.0
PROD00009250,1.0
PROD00009254,1.0
PROD00009255,1.0
PROD00009256,1.0
PROD00009259,1.0
PROD00009260,1.0
PROD00009262,1.0
PROD00009263,1.0
PROD00009264,1.0
PROD00009265,1.0
PROD00009266,1.0
PROD00009267,1.0
PROD00009268,1.0
PROD00009270,1.0
PROD00009272,1.0
PROD00009274,1.0
PROD00009276,1.0
PROD00009278,1.0
PROD00009279,1.0
PROD00009280,1.0
PROD00009281,1.0
PROD00009282,1.0
PROD00009284,1.0
PROD00009285,1.0
PROD00009287,1.0
PROD00009288,1.0
PROD00009290,1.0
PROD00009292,1.0
PROD00009294,1.0
PROD00009295,1.0
PROD00009296,1.0
PROD00009298,1.0
PROD00009299,1.0
PROD00009300,1.0
PROD00009304,1.0
PROD00009305,1.0
PROD00009306,1.0
PROD00009309,1.0
PROD00009311,1.0
PROD00009312,1.0
PROD00009313,1.0
PROD00009314,1.0
PROD00009316,1.0
PROD00009317,1.0
PROD00009319,1.0
PROD00009323,1.0
PROD00009325,1.0
PROD00009329,1.0
PROD00009332,1.0
PROD00009333,1.0
PROD00009337,1.0
PROD00009338,1.0
PROD00009342,1.0
PROD00009343,1.0
PROD00009344,1.0
PROD00009347,1.0
PROD00009349,1.0
PROD00009352,1.0
PROD00009353,1.0
PROD00009354,1.0
PROD00009356,1.0
PROD00009357,1.0
PROD00009358,1.0
PROD00009359,1.0
PROD00009360,1.0
PROD00009362,1.0
PROD00009364,1.0
PROD00009365,1.0
PROD00009369,1.0
PROD00009370,1.0
PROD00009372,1.0
PROD00009373,1.0
PROD00009375,1.0
PROD00009377,1.0
PROD00009378,1.0
PROD00009380,1.0
PROD00009382,1.0
PROD00009383,1.0
PROD00009384,1.0
PROD00009386,1.0
PROD00009387,1.0
PROD00009388,1.0
PROD00009389,1.0
PROD00009390,1.0
PROD00009392,1.0
PROD00009398,1.0
PROD00009399,1.0
PROD00009401,1.0
PROD00009402,1.0
PROD00009403,1.0
PROD00009406,1.0
PROD00009407,1.0
PROD00009408,1.0
PROD00009410,1.0
PROD00009412,1.0
PROD00009415,1.0
PROD00009416,1.0
PROD00009417,1.0
PROD00009418,1.0
PROD00009419,1.0
PROD00009421,1.0
PROD00009422,1.0
PROD00009423,1.0
PROD00009424,1.0
PROD00009425,1.0
PROD00009426,1.0
PROD00009427,1.0
PROD00009428,1.0
PROD00009431,1.0
PROD00009432,1.0
PROD00009433,1.0
PROD00009438,1.0
PROD00009439,1.0
PROD00009440,1.0
PROD00009442,1.0
PROD00009444,1.0
PROD00009445,1.0
PROD00009446,1.0
PROD00009447,1.0
PROD00009448,1.0
PROD00009449,1.0
PROD00009450,1.0
PROD00009451,1.0
PROD00009454,1.0
PROD00009456,1.0
PROD00009457,1.0
PROD00009458,1.0
PROD00009462,1.0
PROD00009464,1.0
PROD00009465,1.0
PROD00009467,1.0
PROD00009468,1.0
PROD00009471,1.0
PROD00009472,1.0
PROD00009476,1.0
PROD00009477,1.0
PROD00009479,1.0
PROD00009480,1.0
PROD00009481,1.0
PROD00009482,1.0
PROD00009483,1.0
PROD00009486,1.0
PROD00009487,1.0
PROD00009488,1.0
PROD00009489,1.0
PROD00009490,1.0
PROD00009492,1.0
PROD00009493,1.0
PROD00009494,1.0
PROD00009495,1.0
PROD00009496,1.0
PROD00009500,1.0
PROD00009502,1.0
PROD00009504,1.0
PROD00009505,1.0
PROD00009508,1.0
PROD00009510,1.0
PROD00009511,1.0
PROD00009517,1.0
PROD00009519,1.0
PROD00009521,1.0
PROD00009522,1.0
PROD00009524,1.0
PROD00009526,1.0
PROD00009528,1.0
PROD00009529,1.0
PROD00009532,1.0
PROD00009533,1.0
PROD00009536,1.0
PROD00009540,1.0
PROD00009542,1.0
PROD00009543,1.0
PROD00009546,1.0
PROD00009547,1.0
PROD00009548,1.0
PROD00009551,1.0
PROD00009552,1.0
PROD00009554,1.0
PROD00009555,1.0
PROD00009556,1.0
PROD00009557,1.0
PROD00009563,1.0
PROD00009565,1.0
PROD00009567,1.0
PROD00009568,1.0
PROD00009569,1.0
PROD00009573,1.0
PROD00009576,1.0
PROD00009578,1.0
PROD00009579,1.0
PROD00009580,1.0
PROD00009581,1.0
PROD00009583,1.0
PROD00009586,1.0
PROD00009589,1.0
PROD00009590,1.0
PROD00009593,1.0
PROD00009594,1.0
PROD00009595,1.0
PROD00009596,1.0
PROD00009597,1.0
PROD00009599,1.0
PROD00009600,1.0
PROD00009602,1.0
PROD00009603,1.0
PROD00009604,1.0
PROD00009606,1.0
PROD00009607,1.0
PROD00009610,1.0
PROD00009612,1.0
PROD00009617,1.0
PROD00009618,1.0
PROD00009619,1.0
PROD00009620,1.0
PROD00009621,1.0
PROD00009622,1.0
PROD00009623,1.0
PROD00009624,1.0
PROD00009625,1.0
PROD00009626,1.0
PROD00009627,1.0
PROD00009629,1.0
PROD00009635,1.0
PROD00009636,1.0
PROD00009637,1.0
PROD00009639,1.0
PROD00009642,1.0
PROD00009643,1.0
PROD00009645,1.0
PROD00009646,1.0
PROD00009647,1.0
PROD00009649,1.0
PROD00009650,1.0
PROD00009651,1.0
PROD00009654,1.0
PROD00009655,1.0
PROD00009656,1.0
PROD00009657,1.0
PROD00009659,1.0
PROD00009660,1.0
PROD00009662,1.0
PROD00009664,1.0
PROD00009668,1.0
PROD00009669,1.0
PROD00009671,1.0
PROD00009675,1.0
PROD00009677,1.0
PROD00009680,1.0
PROD00009686,1.0
PROD00009687,1.0
PROD00009689,1.0
PROD00009695,1.0
PROD00009696,1.0
PROD00009698,1.0
PROD00009700,1.0
PROD00009701,1.0
PROD00009703,1.0
PROD00009704,1.0
PROD00009706,1.0
PROD00009707,1.0
PROD00009708,1.0
PROD00009709,1.0
PROD00009711,1.0
PROD00009712,1.0
PROD00009713,1.0
PROD00009714,1.0
PROD00009715,1.0
PROD00009717,1.0
PROD00009720,1.0
PROD00009722,1.0
PROD00009723,1.0
PROD00009728,1.0
PROD00009729,1.0
PROD00009732,1.0
PROD00009733,1.0
PROD00009734,1.0
PROD00009736,1.0
PROD00009737,1.0
PROD00009739,1.0
PROD00009740,1.0
PROD00009741,1.0
PROD00009742,1.0
PROD00009743,1.0
PROD00009744,1.0
PROD00009745,1.0
PROD00009746,1.0
PROD00009748,1.0
PROD00009749,1.0
PROD00009751,1.0
PROD00009752,1.0
PROD00009754,1.0
PROD00009757,1.0
PROD00009758,1.0
PROD00009759,1.0
PROD00009761,1.0
PROD00009765,1.0
PROD00009766,1.0
PROD00009768,1.0
PROD00009769,1.0
PROD00009770,1.0
PROD00009772,1.0
PROD00009773,1.0
PROD00009775,1.0
PROD00009776,1.0
PROD00009777,1.0
PROD00009779,1.0
PROD00009780,1.0
PROD00009782,1.0
PROD00009784,1.0
PROD00009785,1.0
PROD00009793,1.0
PROD00009798,1.0
PROD00009799,1.0
PROD00009802,1.0
PROD00009804,1.0
PROD00009805,1.0
PROD00009807,1.0
PROD00009808,1.0
PROD00009809,1.0
PROD00009811,1.0
PROD00009812,1.0
PROD00009813,1.0
PROD00009815,1.0
PROD00009818,1.0
PROD00009820,1.0
PROD00009821,1.0
PROD00009824,1.0
PROD00009825,1.0
PROD00009826,1.0
PROD00009827,1.0
PROD00009828,1.0
PROD00009834,1.0
PROD00009835,1.0
PROD00009836,1.0
PROD00009838,1.0
PROD00009839,1.0
PROD00009840,1.0
PROD00009842,1.0
PROD00009843,1.0
PROD00009846,1.0
PROD00009850,1.0
PROD00009853,1.0
PROD00009855,1.0
PROD00009858,1.0
PROD00009860,1.0
PROD00009861,1.0
PROD00009865,1.0
PROD00009867,1.0
PROD00009868,1.0
PROD00009870,1.0
PROD00009872,1.0
PROD00009873,1.0
PROD00009875,1.0
PROD00009876,1.0
PROD00009878,1.0
PROD00009879,1.0
PROD00009882,1.0
PROD00009883,1.0
PROD00009884,1.0
PROD00009886,1.0
PROD00009887,1.0
PROD00009888,1.0
PROD00009890,1.0
PROD00009891,1.0
PROD00009897,1.0
PROD00009898,1.0
PROD00009899,1.0
PROD00009900,1.0
PROD00009904,1.0
PROD00009907,1.0
PROD00009908,1.0
PROD00009910,1.0
PROD00009912,1.0
PROD00009914,1.0
PROD00009918,1.0
PROD00009920,1.0
PROD00009923,1.0
PROD00009925,1.0
PROD00009926,1.0
PROD00009927,1.0
PROD00009929,1.0
PROD00009930,1.0
PROD00009931,1.0
PROD00009932,1.0
PROD00009933,1.0
PROD00009935,1.0
PROD00009936,1.0
PROD00009937,1.0
PROD00009940,1.0
PROD00009943,1.0
PROD00009946,1.0
PROD00009947,1.0
PROD00009948,1.0
PROD00009949,1.0
PROD00009950,1.0
PROD00009951,1.0
PROD00009954,1.0
PROD00009955,1.0
PROD00009956,1.0
PROD00009957,1.0
PROD00009958,1.0
PROD00009959,1.0
PROD00009960,1.0
PROD00009962,1.0
PROD00009963,1.0
PROD00009968,1.0
PROD00009969,1.0
PROD00009974,1.0
PROD00009975,1.0
PROD00009976,1.0
PROD00009979,1.0
PROD00009980,1.0
PROD00009984,1.0
PROD00009985,1.0
PROD00009986,1.0
PROD00009987,1.0
PROD00009988,1.0
PROD00009992,1.0
PROD00009994,1.0
PROD00009999,1.0
